protocol,covariance_input,method,alpha,target_coverage,coverage_mean,coverage_std,absolute_coverage_gap_mean,median_log_6d_volume_mean,median_log_task_volume_m3_mean,rolling_coverage_mae_100_mean,longest_miss_streak_mean,folds,coverage_pooled
cross_environment,empirical_full_6d,ACI,0.01,0.99,0.8814699021001356,0.22916538759474725,0.1187554779448949,-8.905903596869766,-1.314388996329862,0.12399747483991543,102.27272727272727,11,0.8992077464788732
cross_environment,empirical_full_6d,ACI,0.05,0.95,0.8483662254193952,0.22753247048322972,0.12362918179450148,-11.011925837129803,-2.3674001164598804,0.15233604556033858,110.18181818181819,11,0.8647887323943662
cross_environment,empirical_full_6d,ACI,0.1,0.9,0.8010563273867987,0.21745510180568192,0.11875084078160449,-11.813239660173725,-2.7680570279818415,0.16639307298977846,114.0909090909091,11,0.8165933098591549
cross_environment,empirical_full_6d,ACI,0.2,0.8,0.7083960974737825,0.1942768466002171,0.10647093762401293,-12.181443084790516,-2.9521587402902365,0.17244653666302315,117.72727272727273,11,0.7222271126760563
cross_environment,empirical_full_6d,ACI,0.4,0.6,0.5266365811026573,0.14364057760757626,0.08050523167366429,-12.494299033841735,-3.1085867148158455,0.16137370435186316,137.1818181818182,11,0.5367517605633803
cross_environment,empirical_full_6d,ACI,0.5,0.5,0.4364723994754737,0.11726705693619487,0.0681641798688601,-12.61319422517573,-3.1680343104828426,0.15295157889613906,150.63636363636363,11,0.4446742957746479
cross_environment,empirical_full_6d,AgACI-EWA,0.01,0.99,0.8843175015823861,0.22729142603235317,0.11604148217033218,-10.68430909836887,-2.2035917470794133,0.12228581687957982,103.0,11,0.9024207746478873
cross_environment,empirical_full_6d,AgACI-EWA,0.05,0.95,0.8603432547282496,0.22328621795825696,0.1166459517922827,-11.933120986943727,-2.8279976913668423,0.13668727633197303,103.9090909090909,11,0.8788732394366198
cross_environment,empirical_full_6d,AgACI-EWA,0.1,0.9,0.8236890441827412,0.22254532341785818,0.12576252781462863,-12.141209744248453,-2.9320420700192042,0.14637613941406355,105.18181818181819,11,0.8419894366197183
cross_environment,empirical_full_6d,AgACI-EWA,0.2,0.8,0.7521574969795893,0.2181735401274563,0.14183534041336707,-12.30184151265219,-3.012357954221073,0.16492865548132696,108.27272727272727,11,0.7683538732394366
cross_environment,empirical_full_6d,AgACI-EWA,0.4,0.6,0.5601829963593555,0.15693813832856657,0.09786525136444152,-12.456387262821954,-3.089630829305955,0.13495359158651987,116.0909090909091,11,0.5701144366197183
cross_environment,empirical_full_6d,AgACI-EWA,0.5,0.5,0.44690913991485554,0.11435043455173959,0.0638124868182295,-12.536735502173833,-3.1298049489818953,0.11167798095910354,124.54545454545455,11,0.4549735915492958
cross_environment,openvins_full_6d,ACI,0.01,0.99,0.9872972599148916,0.021039066111726124,0.013530842939937358,-2.215270061648979,4.708967389309193,0.018849264629926473,1.0,11,0.9856514084507042
cross_environment,openvins_full_6d,ACI,0.05,0.95,0.947702174248423,0.05106745813027914,0.034484306729315434,-4.4556244865091434,3.620982115037195,0.062342647179987117,7.909090909090909,11,0.9433098591549296
cross_environment,openvins_full_6d,ACI,0.1,0.9,0.898284454630195,0.05295624944381811,0.03624810502964327,-5.536869156987991,3.0436589288651166,0.08753230491585856,18.818181818181817,11,0.8933978873239437
cross_environment,openvins_full_6d,ACI,0.2,0.8,0.7985770590151854,0.0447965060868202,0.03191098681991848,-6.1399792143420475,2.6880831364703535,0.10411881215920311,37.54545454545455,11,0.7944542253521126
cross_environment,openvins_full_6d,ACI,0.4,0.6,0.5990175147160189,0.02411714655064191,0.020144802835461596,-6.566358934447897,2.444693258193457,0.10341841914057458,63.81818181818182,11,0.5971390845070422
cross_environment,openvins_full_6d,ACI,0.5,0.5,0.49876247607246654,0.016841276134967654,0.015007944278886536,-6.746387897202859,2.3540038705666095,0.10009211944595044,78.0,11,0.4979753521126761
cross_environment,openvins_full_6d,AgACI-EWA,0.01,0.99,0.9808590766252828,0.04765037241363226,0.022769543484173524,-3.7113386526469596,4.003393958856796,0.026189026365982238,1.4545454545454546,11,0.9764524647887324
cross_environment,openvins_full_6d,AgACI-EWA,0.05,0.95,0.9457693764082833,0.04440018970625883,0.025613367266445496,-5.578018512667532,3.005288328894709,0.045269130163550254,7.090909090909091,11,0.9421214788732394
cross_environment,openvins_full_6d,AgACI-EWA,0.1,0.9,0.9044319144434607,0.04210332445704549,0.027565983369489514,-5.958121526757427,2.8325084127780933,0.06002474000645503,11.818181818181818,11,0.9017165492957746
cross_environment,openvins_full_6d,AgACI-EWA,0.2,0.8,0.8253656603742091,0.04232427067468995,0.0390815778405815,-6.282558435513647,2.66901374032022,0.07915572115696544,25.454545454545453,11,0.8237676056338028
cross_environment,openvins_full_6d,AgACI-EWA,0.4,0.6,0.6247555538882114,0.04052266973216791,0.04045131415159909,-6.6572227396035775,2.4555730342761106,0.09281550041466527,46.45454545454545,11,0.6217429577464789
cross_environment,openvins_full_6d,AgACI-EWA,0.5,0.5,0.4965273913524108,0.04372342633326553,0.0238951681639302,-6.793633806833977,2.369271293028242,0.08752112257620395,66.81818181818181,11,0.4926056338028169
pooled_same_robot,empirical_full_6d,ACI,0.01,0.99,0.9893151420894791,0.028979301667787657,0.015225960790995434,-8.153832756850134,-0.9971240648501071,0.018395078506862658,14.0,11,0.9903609154929578
pooled_same_robot,empirical_full_6d,ACI,0.05,0.95,0.9551867274160301,0.031040396584178318,0.020551291617803547,-11.32870812334919,-2.584561748099635,0.054145492648300195,23.636363636363637,11,0.9555457746478874
pooled_same_robot,empirical_full_6d,ACI,0.1,0.9,0.9037956566456414,0.030170597130563727,0.01924946744828939,-12.185093211399641,-3.012754292124861,0.07662492811257364,30.09090909090909,11,0.9040492957746479
pooled_same_robot,empirical_full_6d,ACI,0.2,0.8,0.8005767214532387,0.027186840487784428,0.016451192110362774,-12.679285624388239,-3.259850498619159,0.09989304981435096,41.18181818181818,11,0.8007482394366198
pooled_same_robot,empirical_full_6d,ACI,0.4,0.6,0.5933213360762747,0.02364333447281709,0.014493464635003834,-13.107130181682718,-3.473772777266399,0.11410878455176264,66.9090909090909,11,0.5933978873239436
pooled_same_robot,empirical_full_6d,ACI,0.5,0.5,0.4896428810024704,0.02243986482258489,0.017020907079135714,-13.28900463042949,-3.564710001639784,0.1155175227143349,83.27272727272727,11,0.48965669014084506
pooled_same_robot,empirical_full_6d,AgACI-EWA,0.01,0.99,0.989279315275851,0.027917002934722338,0.014676476254407338,-10.858962902455715,-2.349689137652898,0.017706402098436217,14.545454545454545,11,0.9903169014084507
pooled_same_robot,empirical_full_6d,AgACI-EWA,0.05,0.95,0.964547658406265,0.025843267469462607,0.024584907978398397,-12.378306920210308,-3.1093611465301936,0.03776446665358699,16.272727272727273,11,0.966637323943662
pooled_same_robot,empirical_full_6d,AgACI-EWA,0.1,0.9,0.9330546876844866,0.032581780830176946,0.03973947576462356,-12.650567818507307,-3.245491595678694,0.05561903610623629,17.727272727272727,11,0.9362676056338028
pooled_same_robot,empirical_full_6d,AgACI-EWA,0.2,0.8,0.8487519943307847,0.03912430545827951,0.057591217123495735,-12.874636016793442,-3.35752569482176,0.07607648763498293,22.272727272727273,11,0.8525088028169014
pooled_same_robot,empirical_full_6d,AgACI-EWA,0.4,0.6,0.6236500001701262,0.03169843272535201,0.03226773902042312,-13.082043288331631,-3.4612293305908564,0.07067605861876403,37.0,11,0.6240757042253521
pooled_same_robot,empirical_full_6d,AgACI-EWA,0.5,0.5,0.4999497210748596,0.021850397595651175,0.013706836213420625,-13.189066915726022,-3.514741144288051,0.06577107566630745,47.81818181818182,11,0.49841549295774645
pooled_same_robot,openvins_full_6d,ACI,0.01,0.99,0.989344768448949,0.019141371669885013,0.011522947971505125,-2.479821359146897,4.611904448538285,0.016924354263978404,1.1818181818181819,11,0.9876760563380281
pooled_same_robot,openvins_full_6d,ACI,0.05,0.95,0.9484261519071445,0.04793300393531926,0.029282828636462224,-4.562169968528355,3.57674499897835,0.06082266842622139,8.272727272727273,11,0.9438380281690141
pooled_same_robot,openvins_full_6d,ACI,0.1,0.9,0.8976381313402253,0.05033929788273487,0.032285263570177275,-5.581491610957482,2.963610127408756,0.0902611850816961,19.454545454545453,11,0.892737676056338
pooled_same_robot,openvins_full_6d,ACI,0.2,0.8,0.7971521396598586,0.04307454294244924,0.029173743707402524,-6.159514819725941,2.6694327402042144,0.10839030928224096,37.54545454545455,11,0.7930897887323943
pooled_same_robot,openvins_full_6d,ACI,0.4,0.6,0.5974833940223756,0.022450575799357986,0.01810713069086054,-6.602238394490171,2.436368770282083,0.11201520536657075,67.18181818181819,11,0.5956866197183098
pooled_same_robot,openvins_full_6d,ACI,0.5,0.5,0.49730311031638424,0.015354364815207844,0.012963639407971543,-6.787652344305266,2.354935880426055,0.10943915218302097,83.36363636363636,11,0.4965669014084507
pooled_same_robot,openvins_full_6d,AgACI-EWA,0.01,0.99,0.984840428036184,0.0435834679454474,0.019629785020662916,-3.8652213047974415,3.943540423887254,0.022561782475634572,1.6363636363636365,11,0.9808098591549296
pooled_same_robot,openvins_full_6d,AgACI-EWA,0.05,0.95,0.9513912137116504,0.04532025107534387,0.025425346614962954,-5.526016483184201,3.0348755871405118,0.04383990530284481,8.363636363636363,11,0.9478873239436619
pooled_same_robot,openvins_full_6d,AgACI-EWA,0.1,0.9,0.9097616035449282,0.04399129921853212,0.030416041494266407,-5.944399367875295,2.82955968524753,0.05725080881871099,11.909090909090908,11,0.9068661971830986
pooled_same_robot,openvins_full_6d,AgACI-EWA,0.2,0.8,0.8275958808893812,0.038807474397177175,0.039945541576070734,-6.292998496793775,2.646963453906292,0.08111806624627356,26.545454545454547,11,0.8257922535211267
pooled_same_robot,openvins_full_6d,AgACI-EWA,0.4,0.6,0.6208737927623514,0.04095685492401049,0.03782605299928418,-6.66197275472393,2.4561269746086043,0.09164976532950822,46.54545454545455,11,0.6169894366197183
pooled_same_robot,openvins_full_6d,AgACI-EWA,0.5,0.5,0.49589863086587543,0.04423716460380201,0.022553498609556057,-6.80596406802692,2.3704018489252365,0.09742517712798363,75.63636363636364,11,0.4922975352112676
same_environment,empirical_full_6d,ACI,0.01,0.99,0.8260867431590814,0.33678121451242937,0.17128140663834876,-10.61645023698732,-1.7849046036865308,0.1757659461053162,296.27272727272725,11,0.800088028169014
same_environment,empirical_full_6d,ACI,0.05,0.95,0.8002649745092146,0.3284400009438261,0.1733671950721002,-11.494150634617116,-2.223754802501427,0.20141111921495988,307.6363636363636,11,0.774955985915493
same_environment,empirical_full_6d,ACI,0.1,0.9,0.7616693982451458,0.31445399269260377,0.1707133731339898,-12.121482201709325,-2.537420586047532,0.22006149679230988,317.0,11,0.7373679577464789
same_environment,empirical_full_6d,ACI,0.2,0.8,0.6859049325526478,0.28891156511121213,0.16473769785777703,-12.606931503955689,-2.7801452371707147,0.2333039048378893,322.27272727272725,11,0.6638204225352112
same_environment,empirical_full_6d,ACI,0.4,0.6,0.5383450996651294,0.25194026191929947,0.15355990469430017,-12.944400627737451,-2.9488797990615954,0.23685159306802453,340.45454545454544,11,0.5208626760563381
same_environment,empirical_full_6d,ACI,0.5,0.5,0.46408240891441677,0.2417289208382313,0.14870202750437606,-13.04302765838756,-2.99819331438665,0.23432589388508507,348.6363636363636,11,0.4488556338028169
same_environment,empirical_full_6d,AgACI-EWA,0.01,0.99,0.8297118248990583,0.33750245113469196,0.17063135792967374,-11.07339850309263,-2.0133787367391847,0.17465391846348458,296.0,11,0.8035651408450705
same_environment,empirical_full_6d,AgACI-EWA,0.05,0.95,0.8127550118368809,0.3307947241693042,0.17508832882136072,-12.39954965400226,-2.6764543121939997,0.19089875205436133,297.90909090909093,11,0.7869718309859155
same_environment,empirical_full_6d,AgACI-EWA,0.1,0.9,0.785717784702982,0.32042807261843226,0.17862577548761582,-12.605646353607106,-2.779502661996422,0.1991684115808667,299.90909090909093,11,0.7609595070422536
same_environment,empirical_full_6d,AgACI-EWA,0.2,0.8,0.7233885046068838,0.3021538232697276,0.18512153620846938,-12.756693684776916,-2.855026327581327,0.20559646530612274,304.09090909090907,11,0.700044014084507
same_environment,empirical_full_6d,AgACI-EWA,0.4,0.6,0.5653550953470229,0.2578444737349027,0.16401393566410383,-12.944095153518896,-2.9487270619523183,0.19283652808566726,313.09090909090907,11,0.545906690140845
same_environment,empirical_full_6d,AgACI-EWA,0.5,0.5,0.474602585024958,0.23921030223190962,0.14024022606819783,-13.020296147985613,-2.9868275591856768,0.18376384502929854,319.45454545454544,11,0.4578785211267606
same_environment,openvins_full_6d,ACI,0.01,0.99,0.8857432479839151,0.2684764288431384,0.11139383961022306,-3.4580679035682067,4.035794151342831,0.12073289356265038,71.63636363636364,11,0.8533450704225352
same_environment,openvins_full_6d,ACI,0.05,0.95,0.8527369374112737,0.2603228037354485,0.12236051862006461,-4.707204031174646,3.3782401322563658,0.1596735119217284,85.0,11,0.819718309859155
same_environment,openvins_full_6d,ACI,0.1,0.9,0.8055163331321823,0.24710926256471727,0.12189875477709783,-5.537406772716271,2.9907506376537523,0.19455446601094772,94.45454545454545,11,0.7737235915492958
same_environment,openvins_full_6d,ACI,0.2,0.8,0.719021910723741,0.21971586623470013,0.11041352910595979,-6.354171041793253,2.596194651448759,0.20875923765272345,106.54545454545455,11,0.690536971830986
same_environment,openvins_full_6d,ACI,0.4,0.6,0.545862669278585,0.1654959482794031,0.07971169785472079,-6.889848668790441,2.3259895470980907,0.1912406195064314,132.0,11,0.5247359154929577
same_environment,openvins_full_6d,ACI,0.5,0.5,0.4581729025980145,0.13660395077788773,0.06384752404905797,-7.065806458633088,2.23932331407219,0.17263690178064914,144.45454545454547,11,0.44124119718309857
same_environment,openvins_full_6d,AgACI-EWA,0.01,0.99,0.8824760279190873,0.2685350586575416,0.11752702004808765,-4.1557020645126705,3.6814708495842443,0.12487732258903077,70.72727272727273,11,0.8496919014084507
same_environment,openvins_full_6d,AgACI-EWA,0.05,0.95,0.8486642091343474,0.26018477100590814,0.1243361006958414,-5.9706582241753665,2.7912705186290596,0.1485949938931004,73.9090909090909,11,0.8165933098591549
same_environment,openvins_full_6d,AgACI-EWA,0.1,0.9,0.8083044093417033,0.24739001057790116,0.11686622338439494,-6.447695005850078,2.518707542133535,0.14670770166214014,79.54545454545455,11,0.7775528169014084
same_environment,openvins_full_6d,AgACI-EWA,0.2,0.8,0.738457003136653,0.2270317795903346,0.1081089645471129,-6.693026330427312,2.381915668680254,0.1462996924285099,83.18181818181819,11,0.710343309859155
same_environment,openvins_full_6d,AgACI-EWA,0.4,0.6,0.5478935818474192,0.1779645320129183,0.10054367631670959,-7.024400238332496,2.2510671684948593,0.15543023068869188,128.8181818181818,11,0.5256161971830986
same_environment,openvins_full_6d,AgACI-EWA,0.5,0.5,0.4420249590738876,0.14317644465525217,0.07688485542012252,-7.124779076746435,2.2060787358342018,0.14691045486545418,151.9090909090909,11,0.42482394366197185
