covariance_strategy,score_scale,method,feedback,alpha,pooled_coverage,cross_environment_coverage,worst_coverage,pooled_minimum_trajectory_coverage,cross_minimum_trajectory_coverage,worst_trajectory_coverage,pooled_volume_m3,cross_environment_volume_m3,worst_volume_m3,pooled_p90_volume_m3,cross_environment_p90_volume_m3,worst_rolling_mae,coverage_valid_1pct
diagonal_openvins,constant,AgACI-EWA,calibration_only,0.1,0.8940580985915493,0.8928257042253521,0.8928257042253521,0.7971014492753623,0.7855072463768116,0.7855072463768116,1.4937296500873802,1.477779060188042,1.4937296500873802,12.453036383580105,12.836919976170613,0.0502837274041198,True
correlation_shrink_0.75,constant,AgACI-EWA,calibration_only,0.1,0.8956426056338028,0.8929137323943662,0.8929137323943662,0.7961352657004831,0.7797101449275362,0.7797101449275362,1.5289942771386946,1.505483466643906,1.5289942771386946,12.570741025453634,12.916463627612892,0.05053338661592113,True
correlation_shrink_0.50,constant,AgACI-EWA,calibration_only,0.1,0.8943661971830986,0.8922975352112676,0.8922975352112676,0.7884057971014493,0.7758454106280194,0.7758454106280194,1.6647777461451758,1.6682352006478498,1.6682352006478498,12.952506104796388,13.251291804678488,0.052701999510619955,True
correlation_shrink_0.75,loglinear_covariance,AgACI-EWA,calibration_only,0.1,0.9050616197183099,0.9005281690140845,0.9005281690140845,0.8085735402808574,0.8233665559246954,0.8085735402808574,1.2698040338860654,1.7587041667291365,1.7587041667291365,12.968628398186603,16.72037834776551,0.058455130801714,True
correlation_shrink_0.50,loglinear_covariance,AgACI-EWA,calibration_only,0.1,0.893705985915493,0.9150528169014085,0.893705985915493,0.7419712070874862,0.8842746400885936,0.7419712070874862,1.3701982666648085,1.9765809382553128,1.9765809382553128,13.444474287712698,20.63578931540885,0.07142894422058234,True
correlation_shrink_0.25,constant,AgACI-EWA,calibration_only,0.1,0.8944102112676057,0.8919014084507042,0.8919014084507042,0.7888888888888889,0.7676328502415459,0.7676328502415459,2.038837215760974,2.031011164889155,2.038837215760974,14.207199537001609,13.940178771720289,0.052904949458367476,True
correlation_shrink_0.50,loglinear_covariance_time,AgACI-EWA,calibration_only,0.1,0.9040052816901408,0.9121919014084507,0.9040052816901408,0.7710144927536232,0.8765227021040974,0.7710144927536232,1.5455291654813939,2.152785997600242,2.152785997600242,15.530973431557126,19.181437300156833,0.05999258257361755,True
diagonal_openvins_fit_bias,constant,AgACI-EWA,calibration_only,0.1,0.8972711267605634,0.8919454225352113,0.8919454225352113,0.8299516908212561,0.7956521739130434,0.7956521739130434,1.7730341085981327,2.531262154778525,2.531262154778525,13.756826024175497,15.76024771066116,0.0491249335106418,True
correlation_shrink_0.75_fit_bias,constant,AgACI-EWA,calibration_only,0.1,0.8970510563380282,0.8903169014084507,0.8903169014084507,0.8342995169082126,0.7966183574879228,0.7966183574879228,1.8143104168659607,2.559563324642526,2.559563324642526,14.012191769922904,15.937184886192787,0.04878910815635373,True
correlation_shrink_0.25,loglinear_covariance_time,AgACI-EWA,calibration_only,0.1,0.901100352112676,0.9175176056338028,0.901100352112676,0.7835748792270532,0.8835748792270531,0.7835748792270532,1.9967530033432135,2.6777364709739704,2.6777364709739704,15.658168492706572,21.78763997769428,0.05912606497238259,True
correlation_shrink_0.25,loglinear_covariance,AgACI-EWA,calibration_only,0.1,0.8941021126760563,0.9059419014084507,0.8941021126760563,0.7419712070874862,0.751207729468599,0.7419712070874862,1.857695245867507,2.6940563111495925,2.6940563111495925,14.70375571914765,19.36711212017019,0.06759353714773078,True
diagonal_openvins,constant,ACI,calibration_only,0.1,0.8941461267605634,0.8910651408450704,0.8910651408450704,0.7685990338164251,0.7560386473429952,0.7560386473429952,2.697887703315503,2.6270822586331475,2.697887703315503,14.013372150676023,13.219806276493136,0.0857205337936906,True
correlation_shrink_0.75,constant,ACI,calibration_only,0.1,0.8937940140845071,0.8910211267605633,0.8910211267605633,0.7632850241545893,0.751207729468599,0.751207729468599,2.7382605051363127,2.708182211359878,2.7382605051363127,13.88516577471104,13.189951175093228,0.08638299101602251,True
diagonal_openvins_fit_bias,loglinear_covariance,AgACI-EWA,calibration_only,0.1,0.8951584507042254,0.8986355633802817,0.8951584507042254,0.7176644493717664,0.7575757575757576,0.7176644493717664,1.6721623935041081,2.82253270834971,2.82253270834971,14.920535724421576,18.41360407759188,0.05678964572128542,True
diagonal_openvins_fit_bias,loglinear_covariance_time,AgACI-EWA,calibration_only,0.1,0.8921214788732394,0.8985915492957747,0.8921214788732394,0.6899482631189948,0.7490761271249076,0.6899482631189948,1.5774368113265225,2.8603760211726357,2.8603760211726357,13.350636687202963,19.08535358740788,0.05894143056979712,True
correlation_shrink_0.50_fit_bias,constant,AgACI-EWA,calibration_only,0.1,0.8968309859154929,0.8915492957746479,0.8915492957746479,0.8391304347826087,0.8106280193236715,0.8106280193236715,2.0213990815047134,2.9196298375389342,2.9196298375389342,14.910082581820612,16.609285393299974,0.04904361578389994,True
correlation_shrink_0.50,constant,ACI,calibration_only,0.1,0.8937940140845071,0.8910211267605633,0.8910211267605633,0.7594202898550725,0.744927536231884,0.744927536231884,2.9925486092696367,2.9778950720489097,2.9925486092696367,14.376532897413263,13.705783823613174,0.0883739847315395,True
correlation_shrink_0.75_fit_bias,loglinear_covariance,AgACI-EWA,calibration_only,0.1,0.904137323943662,0.913512323943662,0.904137323943662,0.8089430894308943,0.8817442719881744,0.8089430894308943,1.7316725782295934,3.0309855002324344,3.0309855002324344,16.22907663972687,22.42461562812244,0.05058822238380422,True
correlation_shrink_0.75_fit_bias,loglinear_covariance_time,AgACI-EWA,calibration_only,0.1,0.9042693661971831,0.9069982394366197,0.9042693661971831,0.811529933481153,0.8296378418329637,0.811529933481153,1.6750361822311075,3.154510322280086,3.154510322280086,15.445010239654511,24.31074148290123,0.049413707726135646,True
correlation_shrink_0.50_fit_bias,loglinear_covariance,AgACI-EWA,calibration_only,0.1,0.8919014084507042,0.9165492957746478,0.8919014084507042,0.6956521739130435,0.8974358974358975,0.6956521739130435,1.736173582283897,3.6598583716344253,3.6598583716344253,14.42045230985977,25.462850205406323,0.06171337802689243,True
correlation_shrink_0.25,constant,ACI,calibration_only,0.1,0.8943221830985916,0.8908890845070423,0.8908890845070423,0.7574879227053141,0.7338164251207729,0.7338164251207729,3.702006632947039,3.6640817805476114,3.702006632947039,15.504803588199989,14.9312548782897,0.09225082352558034,True
standardized_correlation,constant,AgACI-EWA,calibration_only,0.1,0.8975352112676056,0.8951144366197183,0.8951144366197183,0.7346637102734663,0.7069475240206947,0.7069475240206947,2.385336296730189,3.7168789536804137,3.7168789536804137,9.377377284907544,15.71976582434521,0.05851062508173708,True
correlation_shrink_0.50_fit_bias,loglinear_covariance_time,AgACI-EWA,calibration_only,0.1,0.8966549295774648,0.9187059859154929,0.8966549295774648,0.7048309178743961,0.8977323254779902,0.7048309178743961,1.80648080928939,3.903060988036485,3.903060988036485,16.275816155938017,23.063236070091875,0.061339987083500344,True
correlation_shrink_0.25,loglinear_covariance_time,ACI,calibration_only,0.1,0.8945422535211267,0.9030809859154929,0.8945422535211267,0.7478260869565218,0.8560386473429952,0.7478260869565218,3.998905510689223,4.382744976341071,4.382744976341071,30.23960278186159,44.049732008886714,0.09578872403412003,True
correlation_shrink_0.25_fit_bias,loglinear_covariance,AgACI-EWA,calibration_only,0.1,0.9009242957746478,0.8972711267605634,0.8972711267605634,0.7681159420289855,0.6903381642512078,0.6903381642512078,2.6261950029946366,4.93588932440097,4.93588932440097,19.081261558672512,29.785622305511573,0.06339272428553268,True
correlation_shrink_0.25_fit_bias,loglinear_covariance_time,AgACI-EWA,calibration_only,0.1,0.9017605633802817,0.897887323943662,0.897887323943662,0.7690821256038647,0.6975845410628019,0.6975845410628019,2.7218507830184993,5.036245272176436,5.036245272176436,19.26855292760538,28.87459174242685,0.06197818662024202,True
correlation_shrink_0.75_fit_bias,loglinear_covariance,ACI,calibration_only,0.1,0.8949823943661972,0.906205985915493,0.8949823943661972,0.8096618357487922,0.8883961566888396,0.8096618357487922,2.8422820921422356,5.109619689048494,5.109619689048494,21.95487363739715,33.58070025371358,0.08279783946291565,True
correlation_shrink_0.75_fit_bias,loglinear_covariance_time,ACI,calibration_only,0.1,0.895774647887324,0.9006602112676056,0.895774647887324,0.8115942028985508,0.8495934959349594,0.8115942028985508,2.7367326690456704,5.157962876895538,5.157962876895538,20.825160345717087,37.14412652469301,0.08356745794567907,True
correlation_shrink_0.50_fit_bias,loglinear_covariance,ACI,calibration_only,0.1,0.8901848591549296,0.9080985915492957,0.8901848591549296,0.7072463768115942,0.8748792270531401,0.7072463768115942,3.1553709085707218,6.559687850692119,6.559687850692119,18.73564250518685,40.379299784707634,0.09316189624995648,True
correlation_shrink_0.50_fit_bias,loglinear_covariance_time,ACI,calibration_only,0.1,0.8935739436619718,0.907394366197183,0.8935739436619718,0.7096618357487923,0.878743961352657,0.7096618357487923,3.933321114883469,6.6268503029848445,6.6268503029848445,25.042522500417306,38.188909299959136,0.0944142185264622,True
correlation_shrink_0.25_fit_bias,loglinear_covariance_time,ACI,calibration_only,0.1,0.9003080985915493,0.8905369718309859,0.8905369718309859,0.763768115942029,0.6922705314009662,0.6922705314009662,5.4759060648022775,9.368495001584266,9.368495001584266,33.93707816006008,52.68589996589654,0.08939606047286093,True
correlation_shrink_0.25_fit_bias,loglinear_covariance,ACI,calibration_only,0.1,0.8999119718309859,0.8900088028169014,0.8900088028169014,0.7618357487922706,0.6826086956521739,0.6826086956521739,5.385535396262227,9.382976198387745,9.382976198387745,30.975504706383568,53.084872003225776,0.09169396784418518,True
raw_openvins,constant,AgACI-EWA,calibration_only,0.1,0.9068661971830986,0.9017165492957746,0.9017165492957746,0.78640059127864,0.7930524759793053,0.78640059127864,16.93800113057974,16.988020391168472,16.988020391168472,197.21165909347954,197.09652911876407,0.06002474000645503,True
raw_openvins,constant,ACI,calibration_only,0.1,0.892737676056338,0.8933978873239437,0.892737676056338,0.7653362897265337,0.7653362897265337,0.7653362897265337,19.367765799163447,20.981874141021752,20.981874141021752,266.0034007171764,289.7260243512902,0.0902611850816961,True
raw_openvins,loglinear_covariance_time,AgACI-EWA,calibration_only,0.1,0.9246919014084507,0.928125,0.9246919014084507,0.9048433048433049,0.9008448199199645,0.9008448199199645,23.25284220690199,24.95863632182641,24.95863632182641,101.38446463164118,121.41120919507304,0.04911722204301295,True
raw_openvins,loglinear_covariance,AgACI-EWA,calibration_only,0.1,0.9231514084507042,0.928125,0.9231514084507042,0.904846598488217,0.9026233881725211,0.9026233881725211,23.19920708192266,26.262341928275305,26.262341928275305,94.7548214375077,128.4847103028084,0.052288215745183296,True
raw_openvins,loglinear_covariance,ACI,calibration_only,0.1,0.9132922535211268,0.9158890845070422,0.9132922535211268,0.881159420289855,0.8957264957264958,0.881159420289855,32.05075985489454,38.5772246687293,38.5772246687293,125.83883094655796,184.9137554193252,0.08263438869745238,True
raw_openvins,loglinear_covariance_time,ACI,calibration_only,0.1,0.9118397887323944,0.9161971830985915,0.9118397887323944,0.8816425120772947,0.8945868945868946,0.8816425120772947,35.1594567558317,39.63657627467826,39.63657627467826,160.77959977694186,183.5694975521055,0.08170418048420541,True
whitened_correlation,loglinear_covariance,AgACI-EWA,calibration_only,0.1,0.9149647887323944,0.9183098591549296,0.9149647887323944,0.7823355506282336,0.7860310421286031,0.7823355506282336,26.599364271843015,57.03724476151953,57.03724476151953,105.71957791968553,263.2759043651709,0.06919617920184058,True
whitened_correlation,constant,AgACI-EWA,calibration_only,0.1,0.8933978873239437,0.911443661971831,0.8933978873239437,0.7838137472283814,0.7742054693274205,0.7742054693274205,26.29671116912147,68.16019195207731,68.16019195207731,345.2360522092857,331.5057836913679,0.07233112458351443,True
raw_openvins_fit_bias,loglinear_covariance,AgACI-EWA,calibration_only,0.1,0.9156690140845071,0.9158010563380282,0.9156690140845071,0.8945868945868946,0.8843304843304843,0.8843304843304843,48.77854767938457,110.90271977081031,110.90271977081031,185.85133418963295,482.6241298220478,0.05025564767366841,True
raw_openvins_fit_bias,loglinear_covariance_time,AgACI-EWA,calibration_only,0.1,0.9148767605633803,0.9170774647887324,0.9148767605633803,0.89002849002849,0.886039886039886,0.886039886039886,48.186809302469086,116.57945902364071,116.57945902364071,182.23677644845006,565.3142850645601,0.050715397424004334,True
raw_openvins_fit_bias,loglinear_covariance,ACI,calibration_only,0.1,0.9096830985915493,0.9006602112676056,0.9006602112676056,0.8859903381642512,0.8842263019857625,0.8842263019857625,68.06332805232715,144.1007892461601,144.1007892461601,237.44910343351802,753.7394944821954,0.0813157878174513,True
raw_openvins_fit_bias,loglinear_covariance_time,ACI,calibration_only,0.1,0.9103433098591549,0.8998239436619718,0.8998239436619718,0.8821256038647343,0.8843304843304843,0.8821256038647343,70.31360277927101,150.87367915413245,150.87367915413245,255.6277362799014,770.8363102644525,0.08266974809021971,True
normalized_empirical_blend_0.25,loglinear_covariance,AgACI-EWA,calibration_only,0.1,0.9378521126760564,0.7820422535211268,0.7820422535211268,0.8765227021040974,0.17347580138277813,0.17347580138277813,0.032680937095844326,0.03350221812551384,0.03350221812551384,0.09987214304797738,0.07190866863081255,0.19928131839642643,False
normalized_empirical_blend_0.50,loglinear_covariance_time,AgACI-EWA,calibration_only,0.1,0.9388644366197183,0.7555017605633803,0.7555017605633803,0.8787375415282392,0.16593337523570081,0.16593337523570081,0.033615409483280095,0.03347206655615279,0.033615409483280095,0.10105143661194768,0.07321109035966347,0.22959086493520245,False
normalized_empirical_blend_0.50,loglinear_covariance,AgACI-EWA,calibration_only,0.1,0.9399207746478874,0.7584947183098592,0.7584947183098592,0.8787375415282392,0.16090509113764928,0.16090509113764928,0.033752360826053276,0.03228455466418513,0.033752360826053276,0.09972952230257398,0.06883800411199785,0.22484205970918,False
normalized_empirical_blend_0.25,loglinear_covariance_time,AgACI-EWA,calibration_only,0.1,0.9370158450704226,0.7858274647887324,0.7858274647887324,0.8765227021040974,0.1879321181646763,0.1879321181646763,0.03291566018837955,0.03448562206432383,0.03448562206432383,0.10095504534043868,0.07615892040172177,0.19730924673490868,False
normalized_empirical_blend_0.50,constant,AgACI-EWA,calibration_only,0.1,0.9332306338028169,0.8651408450704225,0.8651408450704225,0.7984496124031008,0.4739756367663344,0.4739756367663344,0.0333442584538184,0.039411972119717815,0.039411972119717815,0.09190903277032132,0.09204670103087348,0.12786483449037453,False
normalized_empirical_blend_0.25,constant,AgACI-EWA,calibration_only,0.1,0.9396566901408451,0.8438820422535211,0.8438820422535211,0.8333333333333334,0.41357636706473916,0.41357636706473916,0.03239472002747598,0.039562204832948374,0.039562204832948374,0.09639156197022355,0.08921271609896629,0.1479677093981521,False
normalized_empirical_blend_0.50,loglinear_covariance,ACI,calibration_only,0.1,0.9050616197183099,0.7369278169014084,0.7369278169014084,0.8377630121816169,0.16090509113764928,0.16090509113764928,0.04202574325921072,0.03689244069960225,0.04202574325921072,0.1206513569075296,0.10441890931767438,0.24084910835297527,False
normalized_empirical_blend_0.50,loglinear_covariance_time,ACI,calibration_only,0.1,0.9040052816901408,0.7320862676056338,0.7320862676056338,0.8388704318936877,0.16467630421118792,0.16467630421118792,0.04220593067724008,0.03831140124664262,0.04220593067724008,0.12379190688257997,0.10850332801556249,0.24222306638393898,False
normalized_empirical_blend_0.25,loglinear_covariance,ACI,calibration_only,0.1,0.9047095070422535,0.7601672535211268,0.7601672535211268,0.8394241417497231,0.16907605279698304,0.16907605279698304,0.04270692152866033,0.03903430978202908,0.04270692152866033,0.13090554691172943,0.1224123619584699,0.21896590671118998,False
normalized_empirical_blend_0.25,loglinear_covariance_time,ACI,calibration_only,0.1,0.9034330985915493,0.762544014084507,0.762544014084507,0.8377630121816169,0.17724701445631677,0.17724701445631677,0.04314431080903091,0.04076515207665377,0.04314431080903091,0.1351037934585277,0.1295258715165303,0.21698617826100153,False
normalized_empirical_blend_0.50,constant,AgACI-EWA,recent_300,0.1,0.8725792253521126,0.8637764084507042,0.8637764084507042,0.8062015503875969,0.8156146179401993,0.8062015503875969,0.03539171971088604,0.04384487677671009,0.04384487677671009,0.0958801135020933,0.12728685962390318,0.09335385380617063,False
normalized_empirical_blend_0.50,loglinear_covariance,AgACI-EWA,recent_300,0.1,0.8713028169014084,0.8654489436619718,0.8654489436619718,0.8361018826135105,0.8178294573643411,0.8178294573643411,0.0357561548501137,0.04414419687176802,0.04414419687176802,0.09568989620162795,0.12157720096194218,0.09326491230073772,False
normalized_empirical_blend_0.50,constant,AgACI-EWA,recent_100,0.1,0.8099031690140845,0.8044014084507042,0.8044014084507042,0.7259136212624585,0.7253599114064231,0.7253599114064231,0.03601441379913063,0.045037706260097274,0.045037706260097274,0.09971269202910207,0.12974652594630037,0.13643541570797277,False
normalized_empirical_blend_0.50,constant,ACI,calibration_only,0.1,0.8983274647887324,0.8356073943661971,0.8356073943661971,0.7596899224806202,0.4640088593576966,0.4640088593576966,0.0413933582598202,0.04533787756356528,0.04533787756356528,0.10798026154278516,0.11020770231903937,0.14608050361905234,False
normalized_empirical_blend_0.75,loglinear_covariance,AgACI-EWA,calibration_only,0.1,0.9307658450704225,0.7955105633802817,0.7955105633802817,0.8709856035437431,0.2715273412947832,0.2715273412947832,0.04144418740713877,0.045385444067995905,0.045385444067995905,0.1252190804519509,0.09843517474418816,0.18513584400488325,False
normalized_empirical_blend_0.50,loglinear_covariance,AgACI-EWA,recent_100,0.1,0.816637323943662,0.8115757042253521,0.8115757042253521,0.7524916943521595,0.7491694352159468,0.7491694352159468,0.0365849178237569,0.04544538553480433,0.04544538553480433,0.10098425830794194,0.127832888175586,0.12954427571342272,False
normalized_empirical_blend_0.75,loglinear_covariance_time,AgACI-EWA,calibration_only,0.1,0.9317781690140845,0.7893485915492958,0.7893485915492958,0.875968992248062,0.2740414833438089,0.2740414833438089,0.041544772955729704,0.04553920610299328,0.04553920610299328,0.1271116977681563,0.10312018237604509,0.18458698810437635,False
normalized_empirical_blend_0.50,loglinear_covariance_time,AgACI-EWA,recent_300,0.1,0.870774647887324,0.8650968309859155,0.8650968309859155,0.8361018826135105,0.8194905869324474,0.8194905869324474,0.03559308090045487,0.04578740947372006,0.04578740947372006,0.09506020037982618,0.13028671652891224,0.09276415020563798,False
normalized_empirical_blend_0.25,constant,ACI,calibration_only,0.1,0.9013204225352113,0.8137323943661972,0.8137323943661972,0.7934662236987818,0.4010056568196103,0.4010056568196103,0.04066607039994446,0.04589272448940551,0.04589272448940551,0.12091792290532552,0.11654143575855928,0.16829387244649133,False
normalized_empirical_blend_0.50,loglinear_covariance_time,AgACI-EWA,recent_100,0.1,0.815625,0.8114436619718309,0.8114436619718309,0.7502768549280178,0.7491694352159468,0.7491694352159468,0.036676459244857955,0.04688618944345007,0.04688618944345007,0.10037893600642005,0.13830383294883575,0.12925651027462198,False
normalized_empirical_blend_0.75,constant,AgACI-EWA,calibration_only,0.1,0.9294454225352112,0.889656690140845,0.889656690140845,0.7818383167220376,0.5714285714285714,0.5714285714285714,0.04147119198162577,0.04873331656936467,0.04873331656936467,0.1129606480523036,0.11827524475580214,0.10274191915290337,False
normalized_empirical_blend_0.50,constant,ACI,recent_100,0.1,0.8263204225352113,0.8214348591549295,0.8214348591549295,0.7452934662236987,0.7497231450719822,0.7452934662236987,0.04299649413490087,0.05364369286360786,0.05364369286360786,0.11002848239487878,0.14454682332293223,0.13477161253852257,False
normalized_empirical_blend_0.50,loglinear_covariance,ACI,recent_100,0.1,0.8358274647887324,0.8283450704225352,0.8283450704225352,0.7674418604651163,0.7668881506090809,0.7668881506090809,0.0438417394978993,0.05428183034895591,0.05428183034895591,0.11792245670148734,0.1515462577804558,0.13147067802511536,False
normalized_empirical_blend_0.75,loglinear_covariance,ACI,calibration_only,0.1,0.9063820422535211,0.7785651408450704,0.7785651408450704,0.8322259136212624,0.257071024512885,0.257071024512885,0.054290173604188856,0.05456930577429411,0.05456930577429411,0.18181097910940452,0.1512230959958537,0.20903957358148892,False
normalized_empirical_blend_0.75,loglinear_covariance_time,ACI,calibration_only,0.1,0.9067341549295774,0.7772447183098592,0.7772447183098592,0.8305647840531561,0.25769956002514144,0.25769956002514144,0.05406251343400507,0.05500195021812134,0.05500195021812134,0.1840096508206436,0.1593691712529626,0.21197833155333062,False
normalized_empirical_blend_0.50,loglinear_covariance_time,ACI,recent_100,0.1,0.8341549295774648,0.8285211267605633,0.8285211267605633,0.7663344407530454,0.7657807308970099,0.7657807308970099,0.04394538297277547,0.05686574391122232,0.05686574391122232,0.11737501061052553,0.16752320268204487,0.13151175135028986,False
normalized_empirical_blend_0.75,constant,ACI,calibration_only,0.1,0.8980193661971831,0.8573503521126761,0.8573503521126761,0.7441860465116279,0.5514950166112956,0.5514950166112956,0.05196265173817986,0.057616493937383606,0.057616493937383606,0.12152381943463385,0.12961307381181522,0.12832960704037064,False
normalized_empirical_blend_0.50,constant,ACI,recent_300,0.1,0.8672095070422535,0.8618397887323944,0.8618397887323944,0.8217054263565892,0.8191681735985533,0.8191681735985533,0.049818752116985957,0.060997212480682995,0.060997212480682995,0.12226750962387656,0.16056396408764476,0.12668124732116193,False
normalized_empirical_blend_0.50,loglinear_covariance,ACI,recent_300,0.1,0.8712588028169014,0.8661531690140845,0.8661531690140845,0.8355481727574751,0.8329637841832964,0.8329637841832964,0.05286647543408749,0.06298194427564816,0.06298194427564816,0.13229249510802166,0.1634210386801299,0.12800940336104005,False
normalized_empirical_blend_0.50,loglinear_covariance_time,ACI,recent_300,0.1,0.8701144366197183,0.8654049295774648,0.8654049295774648,0.8338870431893688,0.8329637841832964,0.8329637841832964,0.0527021840713217,0.06505348033092469,0.06505348033092469,0.13110406549667467,0.17858206689661812,0.12337728355590721,False
diagonal_openvins,loglinear_covariance,AgACI-EWA,calibration_only,0.1,0.9043573943661972,0.8847271126760563,0.8847271126760563,0.7978566149297857,0.7487065779748706,0.7487065779748706,1.2651916625795916,1.5292842576027497,1.5292842576027497,14.255587316200595,14.69046985351456,0.06574127175322489,False
diagonal_openvins,loglinear_covariance_time,AgACI-EWA,calibration_only,0.1,0.8986795774647888,0.883362676056338,0.883362676056338,0.7490761271249076,0.745750184774575,0.745750184774575,1.2592120249824998,1.632392492267492,1.632392492267492,13.492596599279937,15.735458156955069,0.0682927680390404,False
correlation_shrink_0.75,loglinear_covariance_time,AgACI-EWA,calibration_only,0.1,0.9044014084507043,0.889524647887324,0.889524647887324,0.8082039911308204,0.7997043606799704,0.7997043606799704,1.2704578220344156,1.841530372110814,1.841530372110814,13.60100004081587,19.852440370170463,0.06675676684546984,False
diagonal_openvins,loglinear_covariance,ACI,calibration_only,0.1,0.8974031690140845,0.8632922535211267,0.8632922535211267,0.7801182557280119,0.7619047619047619,0.7619047619047619,2.0343553221257547,2.08522663768711,2.08522663768711,17.975635425972584,19.20664340661937,0.09844000113402643,False
diagonal_openvins,loglinear_covariance_time,ACI,calibration_only,0.1,0.890669014084507,0.8609595070422535,0.8609595070422535,0.7239467849223947,0.7574750830564784,0.7239467849223947,1.9980572515494213,2.145585058984434,2.145585058984434,17.414466334133884,21.18551216288594,0.10051390693880556,False
correlation_shrink_0.75,loglinear_covariance_time,ACI,calibration_only,0.1,0.8991197183098592,0.8628521126760563,0.8628521126760563,0.8133776792313377,0.7475083056478405,0.7475083056478405,2.0845386743002576,2.344597019907056,2.344597019907056,16.93785130111887,29.474697844069933,0.10080321522534931,False
correlation_shrink_0.75,loglinear_covariance,ACI,calibration_only,0.1,0.8984595070422535,0.8749119718309859,0.8749119718309859,0.8137472283813747,0.7563676633444075,0.7563676633444075,2.0485503804995013,2.383492798173238,2.383492798173238,15.857743325154994,24.78024201030932,0.09431289579588743,False
correlation_shrink_0.50,loglinear_covariance,ACI,calibration_only,0.1,0.886487676056338,0.891725352112676,0.886487676056338,0.7314009661835749,0.8095238095238095,0.7314009661835749,2.609030633350565,3.136694729973285,3.136694729973285,18.90261893402008,32.567685745255915,0.10207009020456673,False
correlation_shrink_0.50,loglinear_covariance_time,ACI,calibration_only,0.1,0.893705985915493,0.8878521126760563,0.8878521126760563,0.7410628019323672,0.8006644518272426,0.7410628019323672,3.3680982793153262,3.2502119863694716,3.3680982793153262,23.27353040429634,31.312924189537192,0.09114050405784578,False
standardized_correlation,loglinear_covariance_time,AgACI-EWA,calibration_only,0.1,0.8820862676056338,0.8748679577464789,0.8748679577464789,0.573170731707317,0.5362158167036216,0.5362158167036216,2.024957037033476,3.5872826554899278,3.5872826554899278,8.430185496211129,14.204204485547136,0.07499029328962936,False
standardized_correlation,loglinear_covariance,AgACI-EWA,calibration_only,0.1,0.8964788732394366,0.886487676056338,0.886487676056338,0.7217294900221729,0.6282335550628233,0.6282335550628233,2.3342183937176895,3.6408558381471394,3.6408558381471394,9.76588527772441,15.048434681023533,0.06853722444537622,False
standardized_correlation,constant,AgACI-EWA,recent_300,0.1,0.8765845070422535,0.8825704225352112,0.8765845070422535,0.8388909704008992,0.8568752341701011,0.8388909704008992,2.3148760296388073,3.9089548453027527,3.9089548453027527,12.142972156161232,23.057563542597933,0.06544759058793369,False
correlation_shrink_0.25_fit_bias,constant,AgACI-EWA,calibration_only,0.1,0.9008802816901409,0.8883802816901408,0.8883802816901408,0.851207729468599,0.8009661835748793,0.8009661835748793,2.648584649559671,3.99001866531549,3.99001866531549,17.300196728215685,19.025364362667638,0.04997569371907184,False
standardized_correlation,constant,AgACI-EWA,recent_100,0.1,0.8474031690140845,0.8529489436619718,0.8474031690140845,0.7967479674796748,0.7923133776792314,0.7923133776792314,2.430684611743747,4.0376125634080084,4.0376125634080084,15.339563946055048,27.806181936119785,0.08269375815798434,False
standardized_correlation,loglinear_covariance_time,AgACI-EWA,recent_300,0.1,0.8856073943661972,0.8851232394366197,0.8851232394366197,0.8569844789356984,0.8555062823355506,0.8555062823355506,2.214801758698319,4.120236928153869,4.120236928153869,10.575495722615749,20.59012928995425,0.06410311129301412,False
diagonal_openvins_fit_bias,loglinear_covariance,ACI,calibration_only,0.1,0.886399647887324,0.8889524647887324,0.886399647887324,0.7283813747228381,0.7535107169253511,0.7283813747228381,2.6373331270865905,4.1298128449803375,4.1298128449803375,18.972292476696143,25.3637520605145,0.08687423598566667,False
standardized_correlation,loglinear_covariance,AgACI-EWA,recent_300,0.1,0.8831866197183098,0.8837147887323944,0.8831866197183098,0.8595713229859572,0.8540280857354028,0.8540280857354028,2.3754079159714157,4.148880747512324,4.148880747512324,11.530008867194052,21.770132713198468,0.06434189690694132,False
diagonal_openvins_fit_bias,loglinear_covariance_time,ACI,calibration_only,0.1,0.8824823943661971,0.8873239436619719,0.8824823943661971,0.6910569105691057,0.746119733924612,0.6910569105691057,2.4836568467508444,4.160973341264091,4.160973341264091,16.910626778128922,25.812890144639706,0.09025165607608761,False
standardized_correlation,loglinear_covariance,AgACI-EWA,recent_100,0.1,0.8578785211267606,0.8463028169014084,0.8463028169014084,0.8067257945306726,0.7823355506282336,0.7823355506282336,2.440734091539758,4.166068814231762,4.166068814231762,13.406102027708156,24.417748285682343,0.08646271210780142,False
standardized_correlation,loglinear_covariance_time,AgACI-EWA,recent_100,0.1,0.8542693661971831,0.8465228873239437,0.8465228873239437,0.7985957132298596,0.7760532150776053,0.7760532150776053,2.3044670073199054,4.1676434538677025,4.1676434538677025,12.364815170534223,24.373786005185487,0.08361618368391278,False
correlation_shrink_0.25,loglinear_covariance,ACI,calibration_only,0.1,0.889480633802817,0.8933978873239437,0.889480633802817,0.721256038647343,0.7260869565217392,0.721256038647343,3.895598456678483,4.381017998866879,4.381017998866879,25.344051373037175,39.200605336156976,0.1047204410580158,False
diagonal_openvins_fit_bias,constant,ACI,calibration_only,0.1,0.8941461267605634,0.8893485915492958,0.8893485915492958,0.8053140096618358,0.7671497584541063,0.7671497584541063,3.1882082657473725,4.4230289621397905,4.4230289621397905,14.70526124663432,16.270027695981554,0.0840043315849484,False
correlation_shrink_0.75_fit_bias,constant,ACI,calibration_only,0.1,0.8944542253521127,0.889524647887324,0.889524647887324,0.8033816425120773,0.7652173913043478,0.7652173913043478,3.2565653378684307,4.5380029242809625,4.5380029242809625,14.944607116611738,16.278130748703823,0.08546058801619599,False
standardized_correlation,loglinear_covariance_time,ACI,calibration_only,0.1,0.8683978873239436,0.8660211267605634,0.8660211267605634,0.5565410199556541,0.5558019216555802,0.5558019216555802,2.6887417240859914,4.698939336418493,4.698939336418493,8.771837188644804,14.769889182966867,0.10390495350221383,False
standardized_correlation,constant,ACI,calibration_only,0.1,0.8847711267605634,0.8825704225352112,0.8825704225352112,0.7313377679231338,0.7065779748706578,0.7065779748706578,2.9641736972655326,4.837301055844055,4.837301055844055,9.759828410471867,17.624702301320546,0.08775079992547992,False
standardized_correlation,loglinear_covariance,ACI,calibration_only,0.1,0.885475352112676,0.8765404929577465,0.8765404929577465,0.7243163340724317,0.6419068736141907,0.6419068736141907,3.1644756836584063,4.998277964855394,4.998277964855394,10.466896912624753,15.332954770303248,0.0921467113078501,False
correlation_shrink_0.50_fit_bias,constant,ACI,calibration_only,0.1,0.8944542253521127,0.889524647887324,0.889524647887324,0.7995169082125604,0.7618357487922706,0.7618357487922706,3.6423384825546363,5.1740309506260465,5.1740309506260465,15.775833716961348,17.030141691746636,0.08710261119855181,False
standardized_correlation,constant,ACI,recent_100,0.1,0.8681778169014085,0.8718309859154929,0.8681778169014085,0.8329637841832964,0.8307464892830746,0.8307464892830746,3.4226918286843024,5.658197619285445,5.658197619285445,40.172140622708696,59.084529296293596,0.09257323459897679,False
standardized_correlation,loglinear_covariance,ACI,recent_100,0.1,0.8772447183098592,0.8660211267605634,0.8660211267605634,0.8392461197339246,0.8255728011825573,0.8255728011825573,3.433017567662736,6.119806996377375,6.119806996377375,21.155190695321068,50.11068022360118,0.09485507227455536,False
standardized_correlation,loglinear_covariance_time,ACI,recent_100,0.1,0.8741197183098591,0.8663732394366197,0.8663732394366197,0.8325942350332595,0.811160384331116,0.811160384331116,3.118959041805905,6.243845842789843,6.243845842789843,20.062548333779056,46.854015161971844,0.09088909490679555,False
standardized_correlation,constant,ACI,recent_300,0.1,0.8839348591549295,0.8881161971830986,0.8839348591549295,0.84563506931435,0.8598726114649682,0.84563506931435,3.7922907577269096,6.364539663456385,6.364539663456385,20.153975059451366,38.470641693470284,0.09673576227502158,False
correlation_shrink_0.25_fit_bias,constant,ACI,calibration_only,0.1,0.8956866197183099,0.8893485915492958,0.8893485915492958,0.806280193236715,0.7579710144927536,0.7579710144927536,4.611436613547504,7.077219147445444,7.077219147445444,17.226222677702822,19.84503113670636,0.09031485677566375,False
standardized_correlation,loglinear_covariance_time,ACI,recent_300,0.1,0.8923415492957747,0.8899647887323944,0.8899647887323944,0.8776792313377679,0.8718621206444361,0.8718621206444361,3.556651062694387,7.435086422514468,7.435086422514468,17.368948095330964,36.10251655727221,0.09781237106029268,False
standardized_correlation,loglinear_covariance,ACI,recent_300,0.1,0.892737676056338,0.8890845070422535,0.8890845070422535,0.8806356245380635,0.8734177215189873,0.8734177215189873,3.7926071324129653,7.648822557644921,7.648822557644921,18.374900029904435,38.477053582606494,0.09684504655241581,False
raw_openvins,constant,AgACI-EWA,recent_300,0.1,0.8419014084507043,0.8420774647887324,0.8419014084507043,0.8178119349005425,0.8182640144665461,0.8178119349005425,16.328970562406905,16.413484793101503,16.413484793101503,55.83329909151581,56.04656410839702,0.11542326825075468,False
raw_openvins,constant,AgACI-EWA,recent_100,0.1,0.8060299295774648,0.8063820422535212,0.8060299295774648,0.7857142857142857,0.7870705244122965,0.7857142857142857,17.041024700725036,17.13826946997829,17.13826946997829,62.46551570698778,62.64351903892685,0.14093043564653554,False
raw_openvins,loglinear_covariance,AgACI-EWA,recent_100,0.1,0.852112676056338,0.8404049295774648,0.8404049295774648,0.7912047302291205,0.7912047302291205,0.7912047302291205,20.051342529795054,20.615558672042116,20.615558672042116,82.059785459598,113.57110875020645,0.09854777383387937,False
raw_openvins,loglinear_covariance,AgACI-EWA,recent_300,0.1,0.878213028169014,0.8747799295774648,0.8747799295774648,0.8333333333333334,0.8322246858832225,0.8322246858832225,19.543615026643536,20.654928702752393,20.654928702752393,74.06730701771212,102.89113256529053,0.08238958493754599,False
raw_openvins,loglinear_covariance_time,AgACI-EWA,recent_300,0.1,0.874031690140845,0.8739436619718309,0.8739436619718309,0.8329637841832964,0.8322246858832225,0.8322246858832225,19.877855969165374,20.776870996094356,20.776870996094356,77.6060338386952,105.3366535273109,0.08057494051054669,False
raw_openvins,loglinear_covariance_time,AgACI-EWA,recent_100,0.1,0.8444102112676056,0.8419014084507043,0.8419014084507043,0.7912047302291205,0.7912047302291205,0.7912047302291205,20.348578993268642,20.931291470313912,20.931291470313912,82.4091365458576,117.90081792006595,0.09694149419735178,False
raw_openvins,constant,ACI,recent_100,0.1,0.8277728873239436,0.8277728873239436,0.8277728873239436,0.7986636971046771,0.7986636971046771,0.7986636971046771,21.45811580262446,21.489369051164164,21.489369051164164,71.6836937956196,72.46701875174091,0.14302105079357963,False
raw_openvins,constant,ACI,recent_300,0.1,0.8568221830985916,0.8568221830985916,0.8568221830985916,0.8311804008908686,0.8311804008908686,0.8311804008908686,25.44007714824473,25.478881188848725,25.478881188848725,77.45814828005096,78.12438573803786,0.1417838413387938,False
raw_openvins,loglinear_covariance,ACI,recent_100,0.1,0.8720070422535211,0.8611355633802817,0.8611355633802817,0.8288987435328898,0.8250276854928018,0.8250276854928018,25.707881268381602,27.702397663494605,27.702397663494605,112.0942101528685,190.496477304486,0.10386007585558628,False
raw_openvins,loglinear_covariance_time,ACI,recent_100,0.1,0.8639084507042254,0.8616637323943662,0.8616637323943662,0.8288987435328898,0.8266888150609081,0.8266888150609081,26.313935420631434,27.87117608679979,27.87117608679979,127.65328061224184,196.9897122936019,0.1033229708197554,False
whitened_correlation,loglinear_covariance_time,ACI,calibration_only,0.1,0.8712588028169014,0.857306338028169,0.857306338028169,0.5295639320029564,0.5011086474501109,0.5011086474501109,18.903718321530967,31.328142384305767,31.328142384305767,134.60574512610134,193.52608577684302,0.10360482385097046,False
whitened_correlation,loglinear_covariance,ACI,calibration_only,0.1,0.8630281690140845,0.8440580985915493,0.8440580985915493,0.5055432372505543,0.5033259423503326,0.5033259423503326,15.7229488703587,32.34421942945148,32.34421942945148,126.62492887240877,387.06375529969733,0.11575589387158992,False
whitened_correlation,constant,ACI,calibration_only,0.1,0.8387764084507042,0.8431778169014085,0.8387764084507042,0.5092387287509239,0.5114560236511456,0.5092387287509239,16.135899765135125,32.627925411469256,32.627925411469256,353.7702159173194,248.37075441056498,0.126432004819173,False
raw_openvins,loglinear_covariance_time,ACI,recent_300,0.1,0.8811619718309859,0.8829665492957747,0.8811619718309859,0.8584626755358463,0.8525612472160357,0.8525612472160357,30.913185434523676,33.83906333106858,33.83906333106858,160.08541827359224,192.1262637190046,0.11175587201756008,False
raw_openvins,loglinear_covariance,ACI,recent_300,0.1,0.8876320422535211,0.8825264084507042,0.8825264084507042,0.8584626755358463,0.8516703786191536,0.8516703786191536,30.520233767758626,34.31098785253396,34.31098785253396,133.60498087854504,186.09314397849906,0.11270115782398551,False
whitened_correlation,loglinear_covariance_time,AgACI-EWA,calibration_only,0.1,0.8891285211267606,0.9201584507042253,0.8891285211267606,0.549519586104952,0.7856614929785661,0.549519586104952,15.266282822559305,59.043930204221866,59.043930204221866,124.81970479903906,180.1174261593261,0.07500933741774728,False
raw_openvins_fit_bias,constant,AgACI-EWA,calibration_only,0.1,0.9035651408450704,0.8789612676056338,0.8789612676056338,0.8011825572801182,0.7653362897265337,0.7653362897265337,42.977442035584374,86.20320144441587,86.20320144441587,406.29565722637693,2753.8225381821458,0.07724007526569737,False
raw_openvins_fit_bias,constant,ACI,calibration_only,0.1,0.893705985915493,0.8750880281690141,0.8750880281690141,0.7934220251293422,0.745750184774575,0.745750184774575,57.004295198923295,106.95644548630928,106.95644548630928,471.56857351710414,3510.736758713155,0.10404262346849076,False
