protocol,covariance_strategy,score_scale,method,feedback,alpha,target_coverage,trajectory_mean_coverage,trajectory_std_coverage,minimum_trajectory_coverage,geometric_mean_median_volume_m3,geometric_mean_p90_volume_m3,rolling_coverage_mae_100,longest_miss_streak,folds,sample_pooled_coverage,coverage_shortfall
cross_environment,correlation_shrink_0.75,loglinear_covariance,AgACI-EWA,calibration_only,0.1,0.9,0.9008768420652117,0.03134751007185854,0.8233665559246954,1.7587041667291365,16.72037834776551,0.058455130801714,24.0,11,0.9005281690140845,0.0
cross_environment,correlation_shrink_0.50,loglinear_covariance,AgACI-EWA,calibration_only,0.1,0.9,0.9146644895662764,0.017365164993545307,0.8842746400885936,1.9765809382553128,20.63578931540885,0.049096998631469234,11.181818181818182,11,0.9150528169014085,0.0
cross_environment,correlation_shrink_0.50,loglinear_covariance_time,AgACI-EWA,calibration_only,0.1,0.9,0.9119071526799544,0.017606449894330717,0.8765227021040974,2.152785997600242,19.181437300156833,0.04994976686579933,10.454545454545455,11,0.9121919014084507,0.0
cross_environment,correlation_shrink_0.25,loglinear_covariance_time,AgACI-EWA,calibration_only,0.1,0.9,0.9173286272556123,0.021179751810795844,0.8835748792270531,2.6777364709739704,21.78763997769428,0.04782664319597729,10.090909090909092,11,0.9175176056338028,0.0
cross_environment,correlation_shrink_0.25,loglinear_covariance,AgACI-EWA,calibration_only,0.1,0.9,0.9056303373984241,0.05473529741385993,0.751207729468599,2.6940563111495925,19.36711212017019,0.05879575751788438,13.909090909090908,11,0.9059419014084507,0.0
cross_environment,correlation_shrink_0.75_fit_bias,loglinear_covariance,AgACI-EWA,calibration_only,0.1,0.9,0.9148265255187602,0.018555600188325586,0.8817442719881744,3.0309855002324344,22.42461562812244,0.044742726036245815,12.181818181818182,11,0.913512323943662,0.0
cross_environment,correlation_shrink_0.75_fit_bias,loglinear_covariance_time,AgACI-EWA,calibration_only,0.1,0.9,0.9098600497486746,0.030910399637281035,0.8296378418329637,3.154510322280086,24.31074148290123,0.04774044921517274,16.09090909090909,11,0.9069982394366197,0.0
cross_environment,correlation_shrink_0.50_fit_bias,loglinear_covariance,AgACI-EWA,calibration_only,0.1,0.9,0.9166599774403786,0.016280876011715236,0.8974358974358975,3.6598583716344253,25.462850205406323,0.043148603156909174,9.090909090909092,11,0.9165492957746478,0.0
cross_environment,correlation_shrink_0.50_fit_bias,loglinear_covariance_time,AgACI-EWA,calibration_only,0.1,0.9,0.9188527404263508,0.016238738058579328,0.8977323254779902,3.903060988036485,23.063236070091875,0.04404031041134867,8.909090909090908,11,0.9187059859154929,0.0
cross_environment,correlation_shrink_0.25,loglinear_covariance_time,ACI,calibration_only,0.1,0.9,0.9037952802274696,0.02615700923515075,0.8560386473429952,4.382744976341071,44.049732008886714,0.07476038414400883,19.0,11,0.9030809859154929,0.0
cross_environment,correlation_shrink_0.75_fit_bias,loglinear_covariance,ACI,calibration_only,0.1,0.9,0.9077363426925462,0.01761743402545494,0.8883961566888396,5.109619689048494,33.58070025371358,0.06266955746201544,17.636363636363637,11,0.906205985915493,0.0
cross_environment,correlation_shrink_0.75_fit_bias,loglinear_covariance_time,ACI,calibration_only,0.1,0.9,0.9030126762030986,0.023069874731351,0.8495934959349594,5.157962876895538,37.14412652469301,0.0652666091589472,22.818181818181817,11,0.9006602112676056,0.0
cross_environment,correlation_shrink_0.50_fit_bias,loglinear_covariance,ACI,calibration_only,0.1,0.9,0.9088579704425738,0.019554106114034072,0.8748792270531401,6.559687850692119,40.379299784707634,0.06463074041936753,17.90909090909091,11,0.9080985915492957,0.0
cross_environment,correlation_shrink_0.50_fit_bias,loglinear_covariance_time,ACI,calibration_only,0.1,0.9,0.9080933923765298,0.017943554554955676,0.878743961352657,6.6268503029848445,38.188909299959136,0.06342146252431731,18.90909090909091,11,0.907394366197183,0.0
cross_environment,raw_openvins,constant,AgACI-EWA,calibration_only,0.1,0.9,0.9044319144434607,0.04210332445704549,0.7930524759793053,16.988020391168472,197.09652911876407,0.06002474000645503,11.818181818181818,11,0.9017165492957746,0.0
cross_environment,raw_openvins,loglinear_covariance_time,AgACI-EWA,calibration_only,0.1,0.9,0.9280048127807046,0.021920575808827565,0.9008448199199645,24.95863632182641,121.41120919507304,0.04911722204301295,9.545454545454545,11,0.928125,0.0
cross_environment,raw_openvins,loglinear_covariance,AgACI-EWA,calibration_only,0.1,0.9,0.9278951254966992,0.022451185591994743,0.9026233881725211,26.262341928275305,128.4847103028084,0.052288215745183296,9.727272727272727,11,0.928125,0.0
cross_environment,raw_openvins,loglinear_covariance,ACI,calibration_only,0.1,0.9,0.9166635973226067,0.01787521825427504,0.8957264957264958,38.5772246687293,184.9137554193252,0.07546428870440176,17.545454545454547,11,0.9158890845070422,0.0
cross_environment,raw_openvins,loglinear_covariance_time,ACI,calibration_only,0.1,0.9,0.9169787461775821,0.01831157553822014,0.8945868945868946,39.63657627467826,183.5694975521055,0.07708890656578059,18.09090909090909,11,0.9161971830985915,0.0
cross_environment,whitened_correlation,loglinear_covariance,AgACI-EWA,calibration_only,0.1,0.9,0.9217204220867465,0.050245853595737425,0.7860310421286031,57.03724476151953,263.2759043651709,0.06919617920184058,10.818181818181818,11,0.9183098591549296,0.0
cross_environment,whitened_correlation,loglinear_covariance_time,AgACI-EWA,calibration_only,0.1,0.9,0.9247748117114835,0.05003090086320179,0.7856614929785661,59.043930204221866,180.1174261593261,0.06573877911229593,9.909090909090908,11,0.9201584507042253,0.0
cross_environment,whitened_correlation,constant,AgACI-EWA,calibration_only,0.1,0.9,0.918066898551396,0.05778597491358473,0.7742054693274205,68.16019195207731,331.5057836913679,0.07233112458351443,12.909090909090908,11,0.911443661971831,0.0
cross_environment,raw_openvins_fit_bias,loglinear_covariance,AgACI-EWA,calibration_only,0.1,0.9,0.9150397598947383,0.018432321044229413,0.8843304843304843,110.90271977081031,482.6241298220478,0.048535388964026545,11.0,11,0.9158010563380282,0.0
cross_environment,raw_openvins_fit_bias,loglinear_covariance_time,AgACI-EWA,calibration_only,0.1,0.9,0.9164027146085002,0.019546795401209325,0.886039886039886,116.57945902364071,565.3142850645601,0.050715397424004334,12.181818181818182,11,0.9170774647887324,0.0
cross_environment,raw_openvins_fit_bias,loglinear_covariance,ACI,calibration_only,0.1,0.9,0.9019052711129448,0.021584950834220757,0.8842263019857625,144.1007892461601,753.7394944821954,0.06478623538921566,16.545454545454547,11,0.9006602112676056,0.0
cross_environment,raw_openvins_fit_bias,loglinear_covariance_time,ACI,calibration_only,0.1,0.9,0.9010249502220868,0.022129754481497503,0.8843304843304843,150.87367915413245,770.8363102644525,0.06732242033910117,15.727272727272727,11,0.8998239436619718,0.00017605633802819654
cross_environment,diagonal_openvins_fit_bias,loglinear_covariance,AgACI-EWA,calibration_only,0.1,0.9,0.9034115264604867,0.05077628563318027,0.7575757575757576,2.82253270834971,18.41360407759188,0.055505340966739494,25.727272727272727,11,0.8986355633802817,0.001364436619718301
cross_environment,diagonal_openvins_fit_bias,loglinear_covariance_time,AgACI-EWA,calibration_only,0.1,0.9,0.9032449615568655,0.053871106366559736,0.7490761271249076,2.8603760211726357,19.08535358740788,0.05711927849629517,25.636363636363637,11,0.8985915492957747,0.0014084507042253502
cross_environment,correlation_shrink_0.25_fit_bias,loglinear_covariance_time,AgACI-EWA,calibration_only,0.1,0.9,0.8983540828584927,0.06950429472762441,0.6975845410628019,5.036245272176436,28.87459174242685,0.06197818662024202,14.363636363636363,11,0.897887323943662,0.0021126760563380254
cross_environment,correlation_shrink_0.25_fit_bias,loglinear_covariance,AgACI-EWA,calibration_only,0.1,0.9,0.897683362978878,0.07152789459941876,0.6903381642512078,4.93588932440097,29.785622305511573,0.06339272428553268,15.181818181818182,11,0.8972711267605634,0.002728873239436602
cross_environment,standardized_correlation,constant,AgACI-EWA,calibration_only,0.1,0.9,0.9015639502301526,0.06694453799666934,0.7069475240206947,3.7168789536804137,15.71976582434521,0.05851062508173708,26.363636363636363,11,0.8951144366197183,0.004885563380281677
cross_environment,correlation_shrink_0.25,loglinear_covariance,ACI,calibration_only,0.1,0.9,0.8938838031469768,0.058442238205500686,0.7260869565217392,4.381017998866879,39.200605336156976,0.08543288512143525,23.181818181818183,11,0.8933978873239437,0.006602112676056371
cross_environment,raw_openvins,constant,ACI,calibration_only,0.1,0.9,0.898284454630195,0.05295624944381811,0.7653362897265337,20.981874141021752,289.7260243512902,0.08753230491585856,18.818181818181817,11,0.8933978873239437,0.006602112676056371
cross_environment,correlation_shrink_0.75,constant,AgACI-EWA,calibration_only,0.1,0.9,0.8938594073364695,0.044399493610324234,0.7797101449275362,1.505483466643906,12.916463627612892,0.05053338661592113,12.454545454545455,11,0.8929137323943662,0.0070862676056338
cross_environment,diagonal_openvins,constant,AgACI-EWA,calibration_only,0.1,0.9,0.8938183329868307,0.04238884931657518,0.7855072463768116,1.477779060188042,12.836919976170613,0.0502837274041198,11.727272727272727,11,0.8928257042253521,0.007174295774647899
cross_environment,correlation_shrink_0.50,constant,AgACI-EWA,calibration_only,0.1,0.9,0.8934809039027937,0.04577587405374945,0.7758454106280194,1.6682352006478498,13.251291804678488,0.052701999510619955,12.636363636363637,11,0.8922975352112676,0.007702464788732377
cross_environment,diagonal_openvins_fit_bias,constant,AgACI-EWA,calibration_only,0.1,0.9,0.8931534138918112,0.040878870162384714,0.7956521739130434,2.531262154778525,15.76024771066116,0.0491249335106418,11.181818181818182,11,0.8919454225352113,0.00805457746478877
cross_environment,correlation_shrink_0.25,constant,AgACI-EWA,calibration_only,0.1,0.9,0.8932521724764025,0.048104397306862515,0.7676328502415459,2.031011164889155,13.940178771720289,0.052904949458367476,12.727272727272727,11,0.8919014084507042,0.00809859154929582
cross_environment,correlation_shrink_0.50,loglinear_covariance,ACI,calibration_only,0.1,0.9,0.8930011249139757,0.03876567903749332,0.8095238095238095,3.136694729973285,32.567685745255915,0.08468772628171023,20.181818181818183,11,0.891725352112676,0.008274647887324016
cross_environment,correlation_shrink_0.50_fit_bias,constant,AgACI-EWA,calibration_only,0.1,0.9,0.8927419979300233,0.03543393663703199,0.8106280193236715,2.9196298375389342,16.609285393299974,0.04904361578389994,11.363636363636363,11,0.8915492957746479,0.008450704225352101
cross_environment,diagonal_openvins,constant,ACI,calibration_only,0.1,0.9,0.8926927876990188,0.04865476356769795,0.7560386473429952,2.6270822586331475,13.219806276493136,0.0857205337936906,19.0,11,0.8910651408450704,0.008934859154929642
cross_environment,correlation_shrink_0.75,constant,ACI,calibration_only,0.1,0.9,0.8926342193644995,0.050101661964203896,0.751207729468599,2.708182211359878,13.189951175093228,0.08638299101602251,19.363636363636363,11,0.8910211267605633,0.008978873239436691
cross_environment,correlation_shrink_0.50,constant,ACI,calibration_only,0.1,0.9,0.8926568367254354,0.05222363840522587,0.744927536231884,2.9778950720489097,13.705783823613174,0.0883739847315395,19.818181818181817,11,0.8910211267605633,0.008978873239436691
cross_environment,correlation_shrink_0.25,constant,ACI,calibration_only,0.1,0.9,0.8927031545798815,0.05627351445350088,0.7338164251207729,3.6640817805476114,14.9312548782897,0.09225082352558034,23.09090909090909,11,0.8908890845070423,0.009110915492957727
cross_environment,correlation_shrink_0.25_fit_bias,loglinear_covariance_time,ACI,calibration_only,0.1,0.9,0.8914932099002777,0.06817074595081128,0.6922705314009662,9.368495001584266,52.68589996589654,0.08023280471140341,23.545454545454547,11,0.8905369718309859,0.00946302816901412
cross_environment,correlation_shrink_0.75_fit_bias,constant,AgACI-EWA,calibration_only,0.1,0.9,0.8914637198123991,0.039076124023916095,0.7966183574879228,2.559563324642526,15.937184886192787,0.04878910815635373,11.272727272727273,11,0.8903169014084507,0.009683098591549366
cross_environment,correlation_shrink_0.25_fit_bias,loglinear_covariance,ACI,calibration_only,0.1,0.9,0.8908000239597222,0.07094933995950246,0.6826086956521739,9.382976198387745,53.084872003225776,0.08293210970709,22.818181818181817,11,0.8900088028169014,0.009991197183098599
cross_environment,standardized_correlation,loglinear_covariance_time,ACI,recent_300,0.1,0.9,0.891765206549477,0.012934949123708947,0.8718621206444361,7.435086422514468,36.10251655727221,0.09374395917723831,28.0,11,0.8899647887323944,0.010035211267605648
cross_environment,normalized_empirical_blend_0.75,constant,AgACI-EWA,calibration_only,0.1,0.9,0.8820982157683974,0.12123171176153831,0.5714285714285714,0.04873331656936467,0.11827524475580214,0.10274191915290337,48.36363636363637,11,0.889656690140845,0.010343309859154992
cross_environment,correlation_shrink_0.75,loglinear_covariance_time,AgACI-EWA,calibration_only,0.1,0.9,0.8919735702351036,0.04284471800904014,0.7997043606799704,1.841530372110814,19.852440370170463,0.06675676684546984,32.18181818181818,11,0.889524647887324,0.010475352112676029
cross_environment,correlation_shrink_0.75_fit_bias,constant,ACI,calibration_only,0.1,0.9,0.8911572412020945,0.044669542683517166,0.7652173913043478,4.5380029242809625,16.278130748703823,0.08546058801619599,22.545454545454547,11,0.889524647887324,0.010475352112676029
cross_environment,correlation_shrink_0.50_fit_bias,constant,ACI,calibration_only,0.1,0.9,0.8911460324923423,0.045897717490181775,0.7618357487922706,5.1740309506260465,17.030141691746636,0.08710261119855181,23.0,11,0.889524647887324,0.010475352112676029
cross_environment,diagonal_openvins_fit_bias,constant,ACI,calibration_only,0.1,0.9,0.890999427208758,0.043952204153659226,0.7671497584541063,4.4230289621397905,16.270027695981554,0.0840043315849484,22.636363636363637,11,0.8893485915492958,0.010651408450704225
cross_environment,correlation_shrink_0.25_fit_bias,constant,ACI,calibration_only,0.1,0.9,0.8910389534940903,0.04762734720388438,0.7579710144927536,7.077219147445444,19.84503113670636,0.09031485677566375,24.454545454545453,11,0.8893485915492958,0.010651408450704225
cross_environment,standardized_correlation,loglinear_covariance,ACI,recent_300,0.1,0.9,0.8907930716696678,0.012825783156972722,0.8734177215189873,7.648822557644921,38.477053582606494,0.09684504655241581,29.181818181818183,11,0.8890845070422535,0.01091549295774652
cross_environment,diagonal_openvins_fit_bias,loglinear_covariance,ACI,calibration_only,0.1,0.9,0.8940821738708858,0.0491903816986519,0.7535107169253511,4.1298128449803375,25.3637520605145,0.07067268332699751,31.181818181818183,11,0.8889524647887324,0.011047535211267667
cross_environment,correlation_shrink_0.25_fit_bias,constant,AgACI-EWA,calibration_only,0.1,0.9,0.8896226367163208,0.037072853778804045,0.8009661835748793,3.99001866531549,19.025364362667638,0.04997569371907184,12.545454545454545,11,0.8883802816901408,0.011619718309859195
cross_environment,standardized_correlation,constant,ACI,recent_300,0.1,0.9,0.8897141364567148,0.012592918089350995,0.8598726114649682,6.364539663456385,38.470641693470284,0.09673576227502158,30.0,11,0.8881161971830986,0.011883802816901379
cross_environment,correlation_shrink_0.50,loglinear_covariance_time,ACI,calibration_only,0.1,0.9,0.8891894378852968,0.041337344012033796,0.8006644518272426,3.2502119863694716,31.312924189537192,0.08595322919388496,20.90909090909091,11,0.8878521126760563,0.012147887323943674
cross_environment,diagonal_openvins_fit_bias,loglinear_covariance_time,ACI,calibration_only,0.1,0.9,0.892474939122131,0.05076881002529526,0.746119733924612,4.160973341264091,25.812890144639706,0.07175132018496412,31.363636363636363,11,0.8873239436619719,0.012676056338028152
cross_environment,standardized_correlation,loglinear_covariance,AgACI-EWA,calibration_only,0.1,0.9,0.8952676023397739,0.09000678969860026,0.6282335550628233,3.6408558381471394,15.048434681023533,0.06853722444537622,29.272727272727273,11,0.886487676056338,0.013512323943661975
cross_environment,standardized_correlation,loglinear_covariance_time,AgACI-EWA,recent_300,0.1,0.9,0.8873912435512136,0.017394835247836842,0.8555062823355506,4.120236928153869,20.59012928995425,0.06125312283731655,20.0,11,0.8851232394366197,0.014876760563380276
cross_environment,diagonal_openvins,loglinear_covariance,AgACI-EWA,calibration_only,0.1,0.9,0.8879775041536021,0.05355182111232738,0.7487065779748706,1.5292842576027497,14.69046985351456,0.06574127175322489,29.09090909090909,11,0.8847271126760563,0.015272887323943718
cross_environment,standardized_correlation,loglinear_covariance,AgACI-EWA,recent_300,0.1,0.9,0.8862230691467432,0.019242737877294174,0.8540280857354028,4.148880747512324,21.770132713198468,0.06434189690694132,20.09090909090909,11,0.8837147887323944,0.016285211267605626
cross_environment,diagonal_openvins,loglinear_covariance_time,AgACI-EWA,calibration_only,0.1,0.9,0.8872164434544775,0.0537136391376813,0.745750184774575,1.632392492267492,15.735458156955069,0.0682927680390404,30.181818181818183,11,0.883362676056338,0.01663732394366202
cross_environment,raw_openvins,loglinear_covariance_time,ACI,recent_300,0.1,0.9,0.8849959601102172,0.017451386882085616,0.8525612472160357,33.83906333106858,192.1262637190046,0.11175587201756008,32.72727272727273,11,0.8829665492957747,0.01703345070422535
cross_environment,standardized_correlation,constant,AgACI-EWA,recent_300,0.1,0.9,0.8854189390324955,0.017816585829156368,0.8568752341701011,3.9089548453027527,23.057563542597933,0.062064289614546575,21.90909090909091,11,0.8825704225352112,0.017429577464788792
cross_environment,standardized_correlation,constant,ACI,calibration_only,0.1,0.9,0.8889285359637896,0.06163596998552186,0.7065779748706578,4.837301055844055,17.624702301320546,0.08775079992547992,41.36363636363637,11,0.8825704225352112,0.017429577464788792
cross_environment,raw_openvins,loglinear_covariance,ACI,recent_300,0.1,0.9,0.8846065196565565,0.017718295549208316,0.8516703786191536,34.31098785253396,186.09314397849906,0.11270115782398551,31.727272727272727,11,0.8825264084507042,0.01747359154929584
cross_environment,raw_openvins_fit_bias,constant,AgACI-EWA,calibration_only,0.1,0.9,0.8829863641464653,0.05486524758319377,0.7653362897265337,86.20320144441587,2753.8225381821458,0.07724007526569737,16.0,11,0.8789612676056338,0.021038732394366266
cross_environment,standardized_correlation,loglinear_covariance,ACI,calibration_only,0.1,0.9,0.8848947530686797,0.08168392317037454,0.6419068736141907,4.998277964855394,15.332954770303248,0.0921467113078501,39.27272727272727,11,0.8765404929577465,0.023459507042253525
cross_environment,raw_openvins_fit_bias,constant,ACI,calibration_only,0.1,0.9,0.8805224047830514,0.06254871608583502,0.745750184774575,106.95644548630928,3510.736758713155,0.10404262346849076,22.727272727272727,11,0.8750880281690141,0.024911971830985924
cross_environment,correlation_shrink_0.75,loglinear_covariance,ACI,calibration_only,0.1,0.9,0.8768547173985415,0.053167608810179116,0.7563676633444075,2.383492798173238,24.78024201030932,0.09431289579588743,28.363636363636363,11,0.8749119718309859,0.02508802816901412
cross_environment,standardized_correlation,loglinear_covariance_time,AgACI-EWA,calibration_only,0.1,0.9,0.8857602090653679,0.11704059231312657,0.5362158167036216,3.5872826554899278,14.204204485547136,0.07476242551720971,30.181818181818183,11,0.8748679577464789,0.02513204225352117
cross_environment,raw_openvins,loglinear_covariance,AgACI-EWA,recent_300,0.1,0.9,0.876900424042173,0.020767346763239835,0.8322246858832225,20.654928702752393,102.89113256529053,0.08238958493754599,22.90909090909091,11,0.8747799295774648,0.025220070422535268
cross_environment,raw_openvins,loglinear_covariance_time,AgACI-EWA,recent_300,0.1,0.9,0.8760515850172111,0.020853760248553826,0.8322246858832225,20.776870996094356,105.3366535273109,0.08057494051054669,21.181818181818183,11,0.8739436619718309,0.02605633802816909
cross_environment,standardized_correlation,constant,ACI,recent_100,0.1,0.9,0.8732904161395619,0.02258031834067511,0.8307464892830746,5.658197619285445,59.084529296293596,0.08718564186691861,28.727272727272727,11,0.8718309859154929,0.028169014084507116
cross_environment,standardized_correlation,loglinear_covariance_time,ACI,recent_100,0.1,0.9,0.869318154449218,0.02955244737372696,0.811160384331116,6.243845842789843,46.854015161971844,0.09088909490679555,25.454545454545453,11,0.8663732394366197,0.03362676056338032
cross_environment,normalized_empirical_blend_0.50,loglinear_covariance,ACI,recent_300,0.1,0.9,0.8678203615916913,0.023780287972376683,0.8329637841832964,0.06298194427564816,0.1634210386801299,0.12800940336104005,43.0,11,0.8661531690140845,0.033846830985915566
cross_environment,standardized_correlation,loglinear_covariance_time,ACI,calibration_only,0.1,0.9,0.876673096463669,0.10709347735368993,0.5558019216555802,4.698939336418493,14.769889182966867,0.09853588488013237,40.45454545454545,11,0.8660211267605634,0.0339788732394366
cross_environment,standardized_correlation,loglinear_covariance,ACI,recent_100,0.1,0.9,0.8679185088477311,0.025405832944347586,0.8255728011825573,6.119806996377375,50.11068022360118,0.09485507227455536,26.0,11,0.8660211267605634,0.0339788732394366
cross_environment,normalized_empirical_blend_0.50,loglinear_covariance,AgACI-EWA,recent_300,0.1,0.9,0.8661267478904763,0.027583824090732234,0.8178294573643411,0.04414419687176802,0.12157720096194218,0.09326491230073772,31.636363636363637,11,0.8654489436619718,0.03455105633802824
cross_environment,normalized_empirical_blend_0.50,loglinear_covariance_time,ACI,recent_300,0.1,0.9,0.8670648866361419,0.023438085166693445,0.8329637841832964,0.06505348033092469,0.17858206689661812,0.12337728355590721,41.27272727272727,11,0.8654049295774648,0.03459507042253518
cross_environment,normalized_empirical_blend_0.50,constant,AgACI-EWA,calibration_only,0.1,0.9,0.8524572459167685,0.17010362724302708,0.4739756367663344,0.039411972119717815,0.09204670103087348,0.12786483449037453,89.63636363636364,11,0.8651408450704225,0.034859154929577474
cross_environment,normalized_empirical_blend_0.50,loglinear_covariance_time,AgACI-EWA,recent_300,0.1,0.9,0.8654740570807788,0.0245451779645304,0.8194905869324474,0.04578740947372006,0.13028671652891224,0.09276415020563798,31.818181818181817,11,0.8650968309859155,0.03490316901408452
cross_environment,normalized_empirical_blend_0.50,constant,AgACI-EWA,recent_300,0.1,0.9,0.8644408330407111,0.030062861990558097,0.8156146179401993,0.04384487677671009,0.12728685962390318,0.09335385380617063,34.81818181818182,11,0.8637764084507042,0.036223591549295775
cross_environment,diagonal_openvins,loglinear_covariance,ACI,calibration_only,0.1,0.9,0.8680102065904375,0.06076605055303754,0.7619047619047619,2.08522663768711,19.20664340661937,0.09844000113402643,33.81818181818182,11,0.8632922535211267,0.036707746478873315
cross_environment,correlation_shrink_0.75,loglinear_covariance_time,ACI,calibration_only,0.1,0.9,0.8665412156008941,0.05915784127078391,0.7475083056478405,2.344597019907056,29.474697844069933,0.10080321522534931,37.18181818181818,11,0.8628521126760563,0.037147887323943696
cross_environment,normalized_empirical_blend_0.50,constant,ACI,recent_300,0.1,0.9,0.8635196958800921,0.026698615501044746,0.8191681735985533,0.060997212480682995,0.16056396408764476,0.12668124732116193,45.0,11,0.8618397887323944,0.038160211267605604
cross_environment,raw_openvins,loglinear_covariance_time,ACI,recent_100,0.1,0.9,0.8635800367872769,0.0281429282422659,0.8266888150609081,27.87117608679979,196.9897122936019,0.1033229708197554,31.09090909090909,11,0.8616637323943662,0.0383362676056338
cross_environment,raw_openvins,loglinear_covariance,ACI,recent_100,0.1,0.9,0.8629996611192702,0.0287452278686123,0.8250276854928018,27.702397663494605,190.496477304486,0.10386007585558628,31.727272727272727,11,0.8611355633802817,0.03886443661971828
cross_environment,diagonal_openvins,loglinear_covariance_time,ACI,calibration_only,0.1,0.9,0.8655650393587192,0.06157013589926628,0.7574750830564784,2.145585058984434,21.18551216288594,0.10051390693880556,34.72727272727273,11,0.8609595070422535,0.039040492957746475
cross_environment,normalized_empirical_blend_0.75,constant,ACI,calibration_only,0.1,0.9,0.8509297135018202,0.12032115752809582,0.5514950166112956,0.057616493937383606,0.12961307381181522,0.12832960704037064,60.0,11,0.8573503521126761,0.04264964788732395
cross_environment,whitened_correlation,loglinear_covariance_time,ACI,calibration_only,0.1,0.9,0.8700766976409753,0.12327828576110972,0.5011086474501109,31.328142384305767,193.52608577684302,0.10360482385097046,18.0,11,0.857306338028169,0.042693661971831
cross_environment,raw_openvins,constant,ACI,recent_300,0.1,0.9,0.8575547872091298,0.016696851385730547,0.8311804008908686,25.478881188848725,78.12438573803786,0.1417838413387938,43.09090909090909,11,0.8568221830985916,0.04317781690140843
cross_environment,standardized_correlation,constant,AgACI-EWA,recent_100,0.1,0.9,0.8555975849182044,0.028811725845283968,0.7923133776792314,4.0376125634080084,27.806181936119785,0.0777130974964111,27.09090909090909,11,0.8529489436619718,0.0470510563380282
cross_environment,standardized_correlation,loglinear_covariance_time,AgACI-EWA,recent_100,0.1,0.9,0.8504295937829736,0.03386794105301683,0.7760532150776053,4.1676434538677025,24.373786005185487,0.08361618368391278,22.454545454545453,11,0.8465228873239437,0.05347711267605637
cross_environment,standardized_correlation,loglinear_covariance,AgACI-EWA,recent_100,0.1,0.9,0.8496998013555824,0.03126375761247403,0.7823355506282336,4.166068814231762,24.417748285682343,0.08646271210780142,24.272727272727273,11,0.8463028169014084,0.05369718309859162
cross_environment,whitened_correlation,loglinear_covariance,ACI,calibration_only,0.1,0.9,0.857813419994201,0.12291427439468847,0.5033259423503326,32.34421942945148,387.06375529969733,0.11575589387158992,18.727272727272727,11,0.8440580985915493,0.05594190140845068
cross_environment,normalized_empirical_blend_0.25,constant,AgACI-EWA,calibration_only,0.1,0.9,0.8273330656509826,0.20790714529936127,0.41357636706473916,0.039562204832948374,0.08921271609896629,0.1479677093981521,98.63636363636364,11,0.8438820422535211,0.056117957746478875
cross_environment,whitened_correlation,constant,ACI,calibration_only,0.1,0.9,0.8582605606726141,0.12020890836013554,0.5114560236511456,32.627925411469256,248.37075441056498,0.10870704425438528,16.09090909090909,11,0.8431778169014085,0.05682218309859155
cross_environment,raw_openvins,constant,AgACI-EWA,recent_300,0.1,0.9,0.8433560504770632,0.019237002078011052,0.8182640144665461,16.413484793101503,56.04656410839702,0.11542326825075468,31.272727272727273,11,0.8420774647887324,0.05792253521126767
cross_environment,raw_openvins,loglinear_covariance_time,AgACI-EWA,recent_100,0.1,0.9,0.8444695500441974,0.03538272002675863,0.7912047302291205,20.931291470313912,117.90081792006595,0.09694149419735178,28.181818181818183,11,0.8419014084507043,0.05809859154929575
cross_environment,raw_openvins,loglinear_covariance,AgACI-EWA,recent_100,0.1,0.9,0.8428863620011849,0.03587757345968408,0.7912047302291205,20.615558672042116,113.57110875020645,0.09854777383387937,29.272727272727273,11,0.8404049295774648,0.0595950704225352
cross_environment,normalized_empirical_blend_0.50,constant,ACI,calibration_only,0.1,0.9,0.8259344671939023,0.1586982674421787,0.4640088593576966,0.04533787756356528,0.11020770231903937,0.14608050361905234,98.18181818181819,11,0.8356073943661971,0.06439260563380289
cross_environment,normalized_empirical_blend_0.50,loglinear_covariance_time,ACI,recent_100,0.1,0.9,0.8313076679412845,0.04405412359599521,0.7657807308970099,0.05686574391122232,0.16752320268204487,0.13151175135028986,48.81818181818182,11,0.8285211267605633,0.07147887323943669
cross_environment,normalized_empirical_blend_0.50,loglinear_covariance,ACI,recent_100,0.1,0.9,0.8310696513851714,0.04341565637150382,0.7668881506090809,0.05428183034895591,0.1515462577804558,0.13147067802511536,46.63636363636363,11,0.8283450704225352,0.07165492957746478
cross_environment,raw_openvins,constant,ACI,recent_100,0.1,0.9,0.8293454906565852,0.022963046665078403,0.7986636971046771,21.489369051164164,72.46701875174091,0.14302105079357963,42.72727272727273,11,0.8277728873239436,0.07222711267605642
cross_environment,normalized_empirical_blend_0.50,constant,ACI,recent_100,0.1,0.9,0.8233758290635922,0.04234831077654632,0.7497231450719822,0.05364369286360786,0.14454682332293223,0.13348801046955402,51.18181818181818,11,0.8214348591549295,0.07856514084507049
cross_environment,normalized_empirical_blend_0.25,constant,ACI,calibration_only,0.1,0.9,0.8001376584181897,0.20154655132517532,0.4010056568196103,0.04589272448940551,0.11654143575855928,0.16829387244649133,107.36363636363636,11,0.8137323943661972,0.08626760563380287
cross_environment,normalized_empirical_blend_0.50,loglinear_covariance,AgACI-EWA,recent_100,0.1,0.9,0.8138556454750419,0.04323113124758104,0.7491694352159468,0.04544538553480433,0.127832888175586,0.12954427571342272,42.54545454545455,11,0.8115757042253521,0.08842429577464794
cross_environment,normalized_empirical_blend_0.50,loglinear_covariance_time,AgACI-EWA,recent_100,0.1,0.9,0.8134678315611297,0.04156926076424005,0.7491694352159468,0.04688618944345007,0.13830383294883575,0.12925651027462198,43.0,11,0.8114436619718309,0.08855633802816909
cross_environment,raw_openvins,constant,AgACI-EWA,recent_100,0.1,0.9,0.8083101638043221,0.023524076883247848,0.7870705244122965,17.13826946997829,62.64351903892685,0.14093043564653554,38.45454545454545,11,0.8063820422535212,0.09361795774647885
cross_environment,normalized_empirical_blend_0.50,constant,AgACI-EWA,recent_100,0.1,0.9,0.8063712986924522,0.04770427155789875,0.7253599114064231,0.045037706260097274,0.12974652594630037,0.13643541570797277,45.63636363636363,11,0.8044014084507042,0.09559859154929584
cross_environment,normalized_empirical_blend_0.75,loglinear_covariance,AgACI-EWA,calibration_only,0.1,0.9,0.7794062866709802,0.24548097974660282,0.2715273412947832,0.045385444067995905,0.09843517474418816,0.18513584400488325,138.36363636363637,11,0.7955105633802817,0.10448943661971832
cross_environment,normalized_empirical_blend_0.75,loglinear_covariance_time,AgACI-EWA,calibration_only,0.1,0.9,0.7739650586723269,0.24233925195252237,0.2740414833438089,0.04553920610299328,0.10312018237604509,0.18458698810437635,138.45454545454547,11,0.7893485915492958,0.1106514084507042
cross_environment,normalized_empirical_blend_0.25,loglinear_covariance_time,AgACI-EWA,calibration_only,0.1,0.9,0.7643261425456174,0.27866024680274093,0.1879321181646763,0.03448562206432383,0.07615892040172177,0.19730924673490868,133.72727272727272,11,0.7858274647887324,0.11417253521126758
cross_environment,normalized_empirical_blend_0.25,loglinear_covariance,AgACI-EWA,calibration_only,0.1,0.9,0.7603821671557148,0.28247602718276404,0.17347580138277813,0.03350221812551384,0.07190866863081255,0.19928131839642643,134.36363636363637,11,0.7820422535211268,0.11795774647887325
cross_environment,normalized_empirical_blend_0.75,loglinear_covariance,ACI,calibration_only,0.1,0.9,0.7647621725324485,0.2456774288213053,0.257071024512885,0.05456930577429411,0.1512230959958537,0.20903957358148892,145.54545454545453,11,0.7785651408450704,0.12143485915492958
cross_environment,normalized_empirical_blend_0.75,loglinear_covariance_time,ACI,calibration_only,0.1,0.9,0.7633922696774775,0.2451851387203141,0.25769956002514144,0.05500195021812134,0.1593691712529626,0.21197833155333062,149.8181818181818,11,0.7772447183098592,0.12275528169014083
cross_environment,normalized_empirical_blend_0.25,loglinear_covariance_time,ACI,calibration_only,0.1,0.9,0.7451375638758212,0.2770160584568025,0.17724701445631677,0.04076515207665377,0.1295258715165303,0.21698617826100153,140.0909090909091,11,0.762544014084507,0.13745598591549302
cross_environment,normalized_empirical_blend_0.25,loglinear_covariance,ACI,calibration_only,0.1,0.9,0.7428188995130068,0.2796241952352923,0.16907605279698304,0.03903430978202908,0.1224123619584699,0.21896590671118998,139.0,11,0.7601672535211268,0.13983274647887323
cross_environment,normalized_empirical_blend_0.50,loglinear_covariance,AgACI-EWA,calibration_only,0.1,0.9,0.7392494967326819,0.2902911650349113,0.16090509113764928,0.03228455466418513,0.06883800411199785,0.22484205970918,157.54545454545453,11,0.7584947183098592,0.14150528169014087
cross_environment,normalized_empirical_blend_0.50,loglinear_covariance_time,AgACI-EWA,calibration_only,0.1,0.9,0.7364195054602066,0.2924245505933515,0.16593337523570081,0.03347206655615279,0.07321109035966347,0.22959086493520245,157.72727272727272,11,0.7555017605633803,0.14449823943661977
cross_environment,normalized_empirical_blend_0.50,loglinear_covariance,ACI,calibration_only,0.1,0.9,0.7220657033493739,0.2857367688730625,0.16090509113764928,0.03689244069960225,0.10441890931767438,0.24084910835297527,165.0,11,0.7369278169014084,0.16307218309859162
cross_environment,normalized_empirical_blend_0.50,loglinear_covariance_time,ACI,calibration_only,0.1,0.9,0.7173508846985878,0.2871415936753508,0.16467630421118792,0.03831140124664262,0.10850332801556249,0.24222306638393898,164.54545454545453,11,0.7320862676056338,0.16791373239436624
pooled_same_robot,normalized_empirical_blend_0.25,constant,AgACI-EWA,calibration_only,0.1,0.9,0.9355685934242104,0.04019689374873568,0.8333333333333334,0.03239472002747598,0.09639156197022355,0.0605652369198473,18.09090909090909,11,0.9396566901408451,0.0
pooled_same_robot,normalized_empirical_blend_0.25,loglinear_covariance,AgACI-EWA,calibration_only,0.1,0.9,0.9340513743776371,0.030326564101249297,0.8765227021040974,0.032680937095844326,0.09987214304797738,0.055141133637396006,15.727272727272727,11,0.9378521126760564,0.0
pooled_same_robot,normalized_empirical_blend_0.25,loglinear_covariance_time,AgACI-EWA,calibration_only,0.1,0.9,0.9338149259092495,0.028625261989162785,0.8765227021040974,0.03291566018837955,0.10095504534043868,0.05398333793137524,15.363636363636363,11,0.9370158450704226,0.0
pooled_same_robot,normalized_empirical_blend_0.50,constant,AgACI-EWA,calibration_only,0.1,0.9,0.9292841699502425,0.04768990152295859,0.7984496124031008,0.0333442584538184,0.09190903277032132,0.06103207281818576,20.09090909090909,11,0.9332306338028169,0.0
pooled_same_robot,normalized_empirical_blend_0.50,loglinear_covariance_time,AgACI-EWA,calibration_only,0.1,0.9,0.9353514940345512,0.027341289341583294,0.8787375415282392,0.033615409483280095,0.10105143661194768,0.05545614731754393,15.363636363636363,11,0.9388644366197183,0.0
pooled_same_robot,normalized_empirical_blend_0.50,loglinear_covariance,AgACI-EWA,calibration_only,0.1,0.9,0.936613217015027,0.027701791826575898,0.8787375415282392,0.033752360826053276,0.09972952230257398,0.05694217902350283,15.727272727272727,11,0.9399207746478874,0.0
pooled_same_robot,normalized_empirical_blend_0.25,constant,ACI,calibration_only,0.1,0.9,0.9007613126498875,0.037767638766040314,0.7934662236987818,0.04066607039994446,0.12091792290532552,0.08053863717970489,30.636363636363637,11,0.9013204225352113,0.0
pooled_same_robot,normalized_empirical_blend_0.75,loglinear_covariance,AgACI-EWA,calibration_only,0.1,0.9,0.9297592973333184,0.02723014792713726,0.8709856035437431,0.04144418740713877,0.1252190804519509,0.053347269859072476,17.181818181818183,11,0.9307658450704225,0.0
pooled_same_robot,normalized_empirical_blend_0.75,constant,AgACI-EWA,calibration_only,0.1,0.9,0.9268721644121896,0.05094937582564287,0.7818383167220376,0.04147119198162577,0.1129606480523036,0.06376193488838927,20.727272727272727,11,0.9294454225352112,0.0
pooled_same_robot,normalized_empirical_blend_0.75,loglinear_covariance_time,AgACI-EWA,calibration_only,0.1,0.9,0.931000757358471,0.026382557133900603,0.875968992248062,0.041544772955729704,0.1271116977681563,0.053708075910669534,17.0,11,0.9317781690140845,0.0
pooled_same_robot,normalized_empirical_blend_0.50,loglinear_covariance,ACI,calibration_only,0.1,0.9,0.9050020744056109,0.025927014291811355,0.8377630121816169,0.04202574325921072,0.1206513569075296,0.07757248310454803,27.636363636363637,11,0.9050616197183099,0.0
pooled_same_robot,normalized_empirical_blend_0.50,loglinear_covariance_time,ACI,calibration_only,0.1,0.9,0.9040570445823569,0.025461860215988327,0.8388704318936877,0.04220593067724008,0.12379190688257997,0.07774918351306635,28.454545454545453,11,0.9040052816901408,0.0
pooled_same_robot,normalized_empirical_blend_0.25,loglinear_covariance,ACI,calibration_only,0.1,0.9,0.90465822591717,0.024895313183578426,0.8394241417497231,0.04270692152866033,0.13090554691172943,0.07525619699444719,27.727272727272727,11,0.9047095070422535,0.0
pooled_same_robot,normalized_empirical_blend_0.25,loglinear_covariance_time,ACI,calibration_only,0.1,0.9,0.9033995560634053,0.02498040993389349,0.8377630121816169,0.04314431080903091,0.1351037934585277,0.07568387625064041,28.90909090909091,11,0.9034330985915493,0.0
pooled_same_robot,normalized_empirical_blend_0.75,loglinear_covariance_time,ACI,calibration_only,0.1,0.9,0.9062513915089997,0.029448686943400512,0.8305647840531561,0.05406251343400507,0.1840096508206436,0.08065021249243962,32.09090909090909,11,0.9067341549295774,0.0
pooled_same_robot,normalized_empirical_blend_0.75,loglinear_covariance,ACI,calibration_only,0.1,0.9,0.9061676145954667,0.028973827449901415,0.8322259136212624,0.054290173604188856,0.18181097910940452,0.08036749391933586,31.181818181818183,11,0.9063820422535211,0.0
pooled_same_robot,diagonal_openvins,loglinear_covariance,AgACI-EWA,calibration_only,0.1,0.9,0.9078111311541058,0.03864554727153471,0.7978566149297857,1.2651916625795916,14.255587316200595,0.04979827425549961,11.818181818181818,11,0.9043573943661972,0.0
pooled_same_robot,correlation_shrink_0.75,loglinear_covariance,AgACI-EWA,calibration_only,0.1,0.9,0.9082501512053516,0.035055193135386936,0.8085735402808574,1.2698040338860654,12.968628398186603,0.048080994217589754,12.909090909090908,11,0.9050616197183099,0.0
pooled_same_robot,correlation_shrink_0.75,loglinear_covariance_time,AgACI-EWA,calibration_only,0.1,0.9,0.9076507217114401,0.034986490499448825,0.8082039911308204,1.2704578220344156,13.60100004081587,0.048044790549085836,13.272727272727273,11,0.9044014084507043,0.0
pooled_same_robot,correlation_shrink_0.50,loglinear_covariance_time,AgACI-EWA,calibration_only,0.1,0.9,0.9038061024053579,0.05040470657303388,0.7710144927536232,1.5455291654813939,15.530973431557126,0.05999258257361755,12.727272727272727,11,0.9040052816901408,0.0
pooled_same_robot,correlation_shrink_0.75_fit_bias,loglinear_covariance_time,AgACI-EWA,calibration_only,0.1,0.9,0.9074118899434506,0.03725398753251166,0.811529933481153,1.6750361822311075,15.445010239654511,0.049413707726135646,12.0,11,0.9042693661971831,0.0
pooled_same_robot,correlation_shrink_0.75_fit_bias,loglinear_covariance,AgACI-EWA,calibration_only,0.1,0.9,0.9072919428673601,0.038372573872675335,0.8089430894308943,1.7316725782295934,16.22907663972687,0.05058822238380422,12.363636363636363,11,0.904137323943662,0.0
pooled_same_robot,correlation_shrink_0.25,loglinear_covariance_time,AgACI-EWA,calibration_only,0.1,0.9,0.8991088804308673,0.05843488317111983,0.7835748792270532,1.9967530033432135,15.658168492706572,0.05912606497238259,24.363636363636363,11,0.901100352112676,0.0
pooled_same_robot,correlation_shrink_0.25_fit_bias,loglinear_covariance,AgACI-EWA,calibration_only,0.1,0.9,0.9007697267672253,0.048475798580148055,0.7681159420289855,2.6261950029946366,19.081261558672512,0.05319230076724935,18.454545454545453,11,0.9009242957746478,0.0
pooled_same_robot,correlation_shrink_0.25_fit_bias,constant,AgACI-EWA,calibration_only,0.1,0.9,0.9014165798661602,0.027523626531670845,0.851207729468599,2.648584649559671,17.300196728215685,0.047052164443214625,11.454545454545455,11,0.9008802816901409,0.0
pooled_same_robot,correlation_shrink_0.25_fit_bias,loglinear_covariance_time,AgACI-EWA,calibration_only,0.1,0.9,0.9014555152689248,0.04803738429681023,0.7690821256038647,2.7218507830184993,19.26855292760538,0.05126615670458951,17.454545454545453,11,0.9017605633802817,0.0
pooled_same_robot,correlation_shrink_0.25_fit_bias,loglinear_covariance_time,ACI,calibration_only,0.1,0.9,0.8995526098471965,0.04950099041488943,0.763768115942029,5.4759060648022775,33.93707816006008,0.08939606047286093,28.0,11,0.9003080985915493,0.0
pooled_same_robot,raw_openvins,constant,AgACI-EWA,calibration_only,0.1,0.9,0.9097616035449282,0.04399129921853212,0.78640059127864,16.93800113057974,197.21165909347954,0.05725080881871099,11.909090909090908,11,0.9068661971830986,0.0
pooled_same_robot,raw_openvins,loglinear_covariance,AgACI-EWA,calibration_only,0.1,0.9,0.922605371273749,0.017631738943414927,0.904846598488217,23.19920708192266,94.7548214375077,0.04966669354044693,7.545454545454546,11,0.9231514084507042,0.0
pooled_same_robot,raw_openvins,loglinear_covariance_time,AgACI-EWA,calibration_only,0.1,0.9,0.9243308004969784,0.019890098799750948,0.9048433048433049,23.25284220690199,101.38446463164118,0.04861804767199509,8.545454545454545,11,0.9246919014084507,0.0
pooled_same_robot,whitened_correlation,loglinear_covariance,AgACI-EWA,calibration_only,0.1,0.9,0.9194089656587914,0.04898436478394936,0.7823355506282336,26.599364271843015,105.71957791968553,0.053923898737264775,10.545454545454545,11,0.9149647887323944,0.0
pooled_same_robot,raw_openvins,loglinear_covariance,ACI,calibration_only,0.1,0.9,0.913647301721641,0.01928935876320729,0.881159420289855,32.05075985489454,125.83883094655796,0.08263438869745238,17.272727272727273,11,0.9132922535211268,0.0
pooled_same_robot,raw_openvins,loglinear_covariance_time,ACI,calibration_only,0.1,0.9,0.9120459906789012,0.01932749751489191,0.8816425120772947,35.1594567558317,160.77959977694186,0.08170418048420541,18.09090909090909,11,0.9118397887323944,0.0
pooled_same_robot,raw_openvins_fit_bias,constant,AgACI-EWA,calibration_only,0.1,0.9,0.9057080234414147,0.037181135899638146,0.8011825572801182,42.977442035584374,406.29565722637693,0.05401085972891571,10.909090909090908,11,0.9035651408450704,0.0
pooled_same_robot,raw_openvins_fit_bias,loglinear_covariance_time,AgACI-EWA,calibration_only,0.1,0.9,0.9156132513559296,0.015068575176377077,0.89002849002849,48.186809302469086,182.23677644845006,0.04954465103975951,9.727272727272727,11,0.9148767605633803,0.0
pooled_same_robot,raw_openvins_fit_bias,loglinear_covariance,AgACI-EWA,calibration_only,0.1,0.9,0.9163609446507069,0.014483998627665931,0.8945868945868946,48.77854767938457,185.85133418963295,0.05025564767366841,8.909090909090908,11,0.9156690140845071,0.0
pooled_same_robot,raw_openvins_fit_bias,loglinear_covariance,ACI,calibration_only,0.1,0.9,0.9095894316994175,0.013595324298582751,0.8859903381642512,68.06332805232715,237.44910343351802,0.0813157878174513,22.0,11,0.9096830985915493,0.0
pooled_same_robot,raw_openvins_fit_bias,loglinear_covariance_time,ACI,calibration_only,0.1,0.9,0.9099574690328943,0.01486109092909805,0.8821256038647343,70.31360277927101,255.6277362799014,0.08266974809021971,22.363636363636363,11,0.9103433098591549,0.0
pooled_same_robot,correlation_shrink_0.25_fit_bias,loglinear_covariance,ACI,calibration_only,0.1,0.9,0.8992661720173636,0.050859629441732765,0.7618357487922706,5.385535396262227,30.975504706383568,0.09169396784418518,29.09090909090909,11,0.8999119718309859,8.802816901409827e-05
pooled_same_robot,correlation_shrink_0.75,loglinear_covariance_time,ACI,calibration_only,0.1,0.9,0.9024076459145219,0.037381386253025166,0.8133776792313377,2.0845386743002576,16.93785130111887,0.07986337153113211,22.272727272727273,11,0.8991197183098592,0.0008802816901408717
pooled_same_robot,diagonal_openvins,loglinear_covariance_time,AgACI-EWA,calibration_only,0.1,0.9,0.9034647519411375,0.05256642765660399,0.7490761271249076,1.2592120249824998,13.492596599279937,0.053627695629476696,17.272727272727273,11,0.8986795774647888,0.001320422535211252
pooled_same_robot,correlation_shrink_0.75,loglinear_covariance,ACI,calibration_only,0.1,0.9,0.9016657218782829,0.038464686032798505,0.8137472283813747,2.0485503804995013,15.857743325154994,0.08188234549769244,21.363636363636363,11,0.8984595070422535,0.0015404929577464976
pooled_same_robot,normalized_empirical_blend_0.50,constant,ACI,calibration_only,0.1,0.9,0.8973447538783084,0.04747892004676172,0.7596899224806202,0.0413933582598202,0.10798026154278516,0.08629910770384606,34.18181818181818,11,0.8983274647887324,0.001672535211267645
pooled_same_robot,normalized_empirical_blend_0.75,constant,ACI,calibration_only,0.1,0.9,0.8967505881175335,0.05273979968480422,0.7441860465116279,0.05196265173817986,0.12152381943463385,0.0917513382180267,36.72727272727273,11,0.8980193661971831,0.001980633802816878
pooled_same_robot,standardized_correlation,constant,AgACI-EWA,calibration_only,0.1,0.9,0.9027439369419062,0.057735077986334135,0.7346637102734663,2.385336296730189,9.377377284907544,0.05834975919235292,23.272727272727273,11,0.8975352112676056,0.0024647887323944184
pooled_same_robot,diagonal_openvins,loglinear_covariance,ACI,calibration_only,0.1,0.9,0.9016629655433331,0.04432898300578242,0.7801182557280119,2.0343553221257547,17.975635425972584,0.08007780927707037,21.545454545454547,11,0.8974031690140845,0.002596830985915566
pooled_same_robot,diagonal_openvins_fit_bias,constant,AgACI-EWA,calibration_only,0.1,0.9,0.8980540306118339,0.03073195229798028,0.8299516908212561,1.7730341085981327,13.756826024175497,0.04818155324337458,9.818181818181818,11,0.8972711267605634,0.002728873239436602
pooled_same_robot,correlation_shrink_0.75_fit_bias,constant,AgACI-EWA,calibration_only,0.1,0.9,0.8976567970430225,0.02833289889917313,0.8342995169082126,1.8143104168659607,14.012191769922904,0.047326128165248865,10.090909090909092,11,0.8970510563380282,0.002948943661971848
pooled_same_robot,correlation_shrink_0.50_fit_bias,constant,AgACI-EWA,calibration_only,0.1,0.9,0.8974194946166724,0.027301903538746595,0.8391304347826087,2.0213990815047134,14.910082581820612,0.0472452623248557,11.454545454545455,11,0.8968309859154929,0.0031690140845070935
pooled_same_robot,correlation_shrink_0.50_fit_bias,loglinear_covariance_time,AgACI-EWA,calibration_only,0.1,0.9,0.8969350620959923,0.06626676155273675,0.7048309178743961,1.80648080928939,16.275816155938017,0.061339987083500344,15.181818181818182,11,0.8966549295774648,0.003345070422535179
pooled_same_robot,standardized_correlation,loglinear_covariance,AgACI-EWA,calibration_only,0.1,0.9,0.9024374537580212,0.06063051883284865,0.7217294900221729,2.3342183937176895,9.76588527772441,0.05903389545701823,21.636363636363637,11,0.8964788732394366,0.0035211267605633756
pooled_same_robot,correlation_shrink_0.75_fit_bias,loglinear_covariance_time,ACI,calibration_only,0.1,0.9,0.8988908495867289,0.042285983969271065,0.8115942028985508,2.7367326690456704,20.825160345717087,0.08356745794567907,19.272727272727273,11,0.895774647887324,0.004225352112676051
pooled_same_robot,correlation_shrink_0.25_fit_bias,constant,ACI,calibration_only,0.1,0.9,0.8966719567858165,0.03264785730969883,0.806280193236715,4.611436613547504,17.226222677702822,0.08530811796043898,22.454545454545453,11,0.8956866197183099,0.004313380281690149
pooled_same_robot,correlation_shrink_0.75,constant,AgACI-EWA,calibration_only,0.1,0.9,0.8961462734614473,0.038967285331633274,0.7961352657004831,1.5289942771386946,12.570741025453634,0.048877021606541664,12.272727272727273,11,0.8956426056338028,0.004357394366197198
pooled_same_robot,diagonal_openvins_fit_bias,loglinear_covariance,AgACI-EWA,calibration_only,0.1,0.9,0.9010533821262121,0.06403303594608123,0.7176644493717664,1.6721623935041081,14.920535724421576,0.05678964572128542,17.90909090909091,11,0.8951584507042254,0.0048415492957746276
pooled_same_robot,correlation_shrink_0.75_fit_bias,loglinear_covariance,ACI,calibration_only,0.1,0.9,0.8981706388083371,0.04262650620084104,0.8096618357487922,2.8422820921422356,21.95487363739715,0.08279783946291565,19.818181818181817,11,0.8949823943661972,0.005017605633802824
pooled_same_robot,correlation_shrink_0.25,loglinear_covariance_time,ACI,calibration_only,0.1,0.9,0.8931653373890931,0.06272373315216223,0.7478260869565218,3.998905510689223,30.23960278186159,0.09578872403412003,33.0,11,0.8945422535211267,0.005457746478873315
pooled_same_robot,correlation_shrink_0.75_fit_bias,constant,ACI,calibration_only,0.1,0.9,0.8952732891554755,0.03251741824780124,0.8033816425120773,3.2565653378684307,14.944607116611738,0.08407183190822522,21.181818181818183,11,0.8944542253521127,0.005545774647887303
pooled_same_robot,correlation_shrink_0.50_fit_bias,constant,ACI,calibration_only,0.1,0.9,0.8953564222545062,0.03403934736830134,0.7995169082125604,3.6423384825546363,15.775833716961348,0.08511777212781636,22.636363636363637,11,0.8944542253521127,0.005545774647887303
pooled_same_robot,correlation_shrink_0.25,constant,AgACI-EWA,calibration_only,0.1,0.9,0.8953541686613543,0.04167579222586527,0.7888888888888889,2.038837215760974,14.207199537001609,0.050967842904661116,13.545454545454545,11,0.8944102112676057,0.005589788732394352
pooled_same_robot,correlation_shrink_0.50,constant,AgACI-EWA,calibration_only,0.1,0.9,0.8949350457444235,0.04114970880324385,0.7884057971014493,1.6647777461451758,12.952506104796388,0.05053917624751003,12.818181818181818,11,0.8943661971830986,0.005633802816901401
pooled_same_robot,correlation_shrink_0.25,constant,ACI,calibration_only,0.1,0.9,0.8958233752852061,0.04950346969551313,0.7574879227053141,3.702006632947039,15.504803588199989,0.08946709372973499,22.90909090909091,11,0.8943221830985916,0.00567781690140845
pooled_same_robot,diagonal_openvins,constant,ACI,calibration_only,0.1,0.9,0.8953769968239602,0.04504163515413579,0.7685990338164251,2.697887703315503,14.013372150676023,0.08417570458159028,19.545454545454547,11,0.8941461267605634,0.005853873239436647
pooled_same_robot,diagonal_openvins_fit_bias,constant,ACI,calibration_only,0.1,0.9,0.8949681080098233,0.03158673839164678,0.8053140096618358,3.1882082657473725,14.70526124663432,0.08378499608114921,21.272727272727273,11,0.8941461267605634,0.005853873239436647
pooled_same_robot,correlation_shrink_0.25,loglinear_covariance,AgACI-EWA,calibration_only,0.1,0.9,0.8913578952090482,0.07243009236742728,0.7419712070874862,1.857695245867507,14.70375571914765,0.06759353714773078,27.363636363636363,11,0.8941021126760563,0.005897887323943696
pooled_same_robot,diagonal_openvins,constant,AgACI-EWA,calibration_only,0.1,0.9,0.8947172742052353,0.03788250872332178,0.7971014492753623,1.4937296500873802,12.453036383580105,0.04844791964745036,12.0,11,0.8940580985915493,0.005941901408450745
pooled_same_robot,correlation_shrink_0.75,constant,ACI,calibration_only,0.1,0.9,0.8950523385195635,0.04667775769858396,0.7632850241545893,2.7382605051363127,13.88516577471104,0.08471913183168087,19.454545454545453,11,0.8937940140845071,0.006205985915492929
pooled_same_robot,correlation_shrink_0.50,constant,ACI,calibration_only,0.1,0.9,0.8951151302121532,0.04809121275166922,0.7594202898550725,2.9925486092696367,14.376532897413263,0.08724177503942326,20.454545454545453,11,0.8937940140845071,0.006205985915492929
pooled_same_robot,correlation_shrink_0.50,loglinear_covariance,AgACI-EWA,calibration_only,0.1,0.9,0.8923302435290581,0.06956685651571212,0.7419712070874862,1.3701982666648085,13.444474287712698,0.07142894422058234,27.09090909090909,11,0.893705985915493,0.006294014084507027
pooled_same_robot,correlation_shrink_0.50,loglinear_covariance_time,ACI,calibration_only,0.1,0.9,0.8940270880324483,0.05786378292823416,0.7410628019323672,3.3680982793153262,23.27353040429634,0.09114050405784578,21.90909090909091,11,0.893705985915493,0.006294014084507027
pooled_same_robot,raw_openvins_fit_bias,constant,ACI,calibration_only,0.1,0.9,0.8972625308546398,0.037056322082093494,0.7934220251293422,57.004295198923295,471.56857351710414,0.08778293525369228,21.272727272727273,11,0.893705985915493,0.006294014084507027
pooled_same_robot,correlation_shrink_0.50_fit_bias,loglinear_covariance_time,ACI,calibration_only,0.1,0.9,0.8942069677724582,0.06293282861938278,0.7096618357487923,3.933321114883469,25.042522500417306,0.0944142185264622,24.818181818181817,11,0.8935739436619718,0.006426056338028174
pooled_same_robot,whitened_correlation,constant,AgACI-EWA,calibration_only,0.1,0.9,0.8999179130817275,0.05447296820828973,0.7838137472283814,26.29671116912147,345.2360522092857,0.07007574992717869,11.272727272727273,11,0.8933978873239437,0.006602112676056371
pooled_same_robot,standardized_correlation,loglinear_covariance,ACI,recent_300,0.1,0.9,0.8941751657896706,0.009300535886673001,0.8806356245380635,3.7926071324129653,18.374900029904435,0.09349438375262863,27.0,11,0.892737676056338,0.007262323943661997
pooled_same_robot,raw_openvins,constant,ACI,calibration_only,0.1,0.9,0.8976381313402253,0.05033929788273487,0.7653362897265337,19.367765799163447,266.0034007171764,0.0902611850816961,19.454545454545453,11,0.892737676056338,0.007262323943661997
pooled_same_robot,standardized_correlation,loglinear_covariance_time,ACI,recent_300,0.1,0.9,0.89418777033795,0.012867077763961532,0.8776792313377679,3.556651062694387,17.368948095330964,0.09781237106029268,30.727272727272727,11,0.8923415492957747,0.007658450704225328
pooled_same_robot,diagonal_openvins_fit_bias,loglinear_covariance_time,AgACI-EWA,calibration_only,0.1,0.9,0.8986017811799787,0.07184633411857036,0.6899482631189948,1.5774368113265225,13.350636687202963,0.05894143056979712,20.09090909090909,11,0.8921214788732394,0.007878521126760574
pooled_same_robot,correlation_shrink_0.50_fit_bias,loglinear_covariance,AgACI-EWA,calibration_only,0.1,0.9,0.8921637554580666,0.0680487292211109,0.6956521739130435,1.736173582283897,14.42045230985977,0.06171337802689243,17.454545454545453,11,0.8919014084507042,0.00809859154929582
pooled_same_robot,diagonal_openvins,loglinear_covariance_time,ACI,calibration_only,0.1,0.9,0.8965710664804256,0.05993434961612413,0.7239467849223947,1.9980572515494213,17.414466334133884,0.08316515685553315,26.90909090909091,11,0.890669014084507,0.009330985915492973
pooled_same_robot,correlation_shrink_0.50_fit_bias,loglinear_covariance,ACI,calibration_only,0.1,0.9,0.8916010089756196,0.06422052476797935,0.7072463768115942,3.1553709085707218,18.73564250518685,0.09316189624995648,25.272727272727273,11,0.8901848591549296,0.009815140845070403
pooled_same_robot,correlation_shrink_0.25,loglinear_covariance,ACI,calibration_only,0.1,0.9,0.887565079501199,0.07722783853658852,0.721256038647343,3.895598456678483,25.344051373037175,0.1047204410580158,37.90909090909091,11,0.889480633802817,0.010519366197183078
pooled_same_robot,whitened_correlation,loglinear_covariance_time,AgACI-EWA,calibration_only,0.1,0.9,0.8996620333205411,0.11717364519255324,0.549519586104952,15.266282822559305,124.81970479903906,0.07500933741774728,9.636363636363637,11,0.8891285211267606,0.01087147887323947
pooled_same_robot,raw_openvins,loglinear_covariance,ACI,recent_300,0.1,0.9,0.8892087353471184,0.013050563336097935,0.8584626755358463,30.520233767758626,133.60498087854504,0.10295290872466613,32.27272727272727,11,0.8876320422535211,0.01236795774647892
pooled_same_robot,correlation_shrink_0.50,loglinear_covariance,ACI,calibration_only,0.1,0.9,0.8858079151114839,0.07313780867450267,0.7314009661835749,2.609030633350565,18.90261893402008,0.10207009020456673,35.81818181818182,11,0.886487676056338,0.013512323943661975
pooled_same_robot,diagonal_openvins_fit_bias,loglinear_covariance,ACI,calibration_only,0.1,0.9,0.8923271289503926,0.06039140339550872,0.7283813747228381,2.6373331270865905,18.972292476696143,0.08687423598566667,25.636363636363637,11,0.886399647887324,0.013600352112676073
pooled_same_robot,standardized_correlation,loglinear_covariance_time,AgACI-EWA,recent_300,0.1,0.9,0.8883248900532117,0.01776815535470827,0.8569844789356984,2.214801758698319,10.575495722615749,0.06410311129301412,20.636363636363637,11,0.8856073943661972,0.014392605633802846
pooled_same_robot,standardized_correlation,loglinear_covariance,ACI,calibration_only,0.1,0.9,0.8917532410228443,0.056910486461592275,0.7243163340724317,3.1644756836584063,10.466896912624753,0.08956840866783833,34.09090909090909,11,0.885475352112676,0.014524647887323994
pooled_same_robot,standardized_correlation,constant,ACI,calibration_only,0.1,0.9,0.890654821805786,0.05401728323678039,0.7313377679231338,2.9641736972655326,9.759828410471867,0.08695261248131518,33.0,11,0.8847711267605634,0.015228873239436669
pooled_same_robot,standardized_correlation,constant,ACI,recent_300,0.1,0.9,0.8858136354349021,0.018279840178645656,0.84563506931435,3.7922907577269096,20.153975059451366,0.09656629883056361,26.727272727272727,11,0.8839348591549295,0.01606514084507049
pooled_same_robot,standardized_correlation,loglinear_covariance,AgACI-EWA,recent_300,0.1,0.9,0.884987455013293,0.014269650175572753,0.8595713229859572,2.3754079159714157,11.530008867194052,0.060722813322872084,21.181818181818183,11,0.8831866197183098,0.016813380281690216
pooled_same_robot,diagonal_openvins_fit_bias,loglinear_covariance_time,ACI,calibration_only,0.1,0.9,0.8894080403997116,0.07070202090734629,0.6910569105691057,2.4836568467508444,16.910626778128922,0.09025165607608761,27.454545454545453,11,0.8824823943661971,0.01751760563380289
pooled_same_robot,standardized_correlation,loglinear_covariance_time,AgACI-EWA,calibration_only,0.1,0.9,0.8924764969150463,0.10644948196091561,0.573170731707317,2.024957037033476,8.430185496211129,0.07499029328962936,29.727272727272727,11,0.8820862676056338,0.017913732394366222
pooled_same_robot,raw_openvins,loglinear_covariance_time,ACI,recent_300,0.1,0.9,0.8822240913571607,0.012876629859460172,0.8584626755358463,30.913185434523676,160.08541827359224,0.10447059691841173,36.09090909090909,11,0.8811619718309859,0.018838028169014143
pooled_same_robot,raw_openvins,loglinear_covariance,AgACI-EWA,recent_300,0.1,0.9,0.8796766962111751,0.017831937183175176,0.8333333333333334,19.543615026643536,74.06730701771212,0.07222018951300453,18.181818181818183,11,0.878213028169014,0.02178697183098599
pooled_same_robot,standardized_correlation,loglinear_covariance,ACI,recent_100,0.1,0.9,0.8789876784938819,0.018173033843261823,0.8392461197339246,3.433017567662736,21.155190695321068,0.08413401215144989,26.181818181818183,11,0.8772447183098592,0.02275528169014085
pooled_same_robot,standardized_correlation,constant,AgACI-EWA,recent_300,0.1,0.9,0.8791374434068612,0.01795366191056289,0.8388909704008992,2.3148760296388073,12.142972156161232,0.06544759058793369,22.636363636363637,11,0.8765845070422535,0.023415492957746475
pooled_same_robot,standardized_correlation,loglinear_covariance_time,ACI,recent_100,0.1,0.9,0.8759010334299382,0.020696999904399428,0.8325942350332595,3.118959041805905,20.062548333779056,0.09038361673947644,27.0,11,0.8741197183098591,0.025880281690140894
pooled_same_robot,raw_openvins,loglinear_covariance_time,AgACI-EWA,recent_300,0.1,0.9,0.8753798067369896,0.01925163200144313,0.8329637841832964,19.877855969165374,77.6060338386952,0.07617796577780495,19.454545454545453,11,0.874031690140845,0.025968309859154992
pooled_same_robot,normalized_empirical_blend_0.50,constant,AgACI-EWA,recent_300,0.1,0.9,0.8723420459875624,0.026421332708063617,0.8062015503875969,0.03539171971088604,0.0958801135020933,0.08967180288073105,34.81818181818182,11,0.8725792253521126,0.02742077464788739
pooled_same_robot,raw_openvins,loglinear_covariance,ACI,recent_100,0.1,0.9,0.8738445680892325,0.02097251600791434,0.8288987435328898,25.707881268381602,112.0942101528685,0.09188756442960364,28.181818181818183,11,0.8720070422535211,0.02799295774647892
pooled_same_robot,normalized_empirical_blend_0.50,loglinear_covariance,AgACI-EWA,recent_300,0.1,0.9,0.8708996598880477,0.017263183671685348,0.8361018826135105,0.0357561548501137,0.09568989620162795,0.08828955476646339,26.727272727272727,11,0.8713028169014084,0.028697183098591594
pooled_same_robot,normalized_empirical_blend_0.50,loglinear_covariance,ACI,recent_300,0.1,0.9,0.8719089850845819,0.016197772319585472,0.8355481727574751,0.05286647543408749,0.13229249510802166,0.11856552958944602,36.63636363636363,11,0.8712588028169014,0.028741197183098643
pooled_same_robot,whitened_correlation,loglinear_covariance_time,ACI,calibration_only,0.1,0.9,0.8830522161354242,0.11880844786591187,0.5295639320029564,18.903718321530967,134.60574512610134,0.0939815999961786,16.363636363636363,11,0.8712588028169014,0.028741197183098643
pooled_same_robot,normalized_empirical_blend_0.50,loglinear_covariance_time,AgACI-EWA,recent_300,0.1,0.9,0.8706259981349561,0.017119980240677235,0.8361018826135105,0.03559308090045487,0.09506020037982618,0.08863050680328736,27.636363636363637,11,0.870774647887324,0.029225352112676073
pooled_same_robot,normalized_empirical_blend_0.50,loglinear_covariance_time,ACI,recent_300,0.1,0.9,0.8708030196195788,0.015940693147175607,0.8338870431893688,0.0527021840713217,0.13110406549667467,0.11823735977096686,36.45454545454545,11,0.8701144366197183,0.0298855633802817
pooled_same_robot,standardized_correlation,loglinear_covariance_time,ACI,calibration_only,0.1,0.9,0.8795071263232459,0.10794566643645219,0.5565410199556541,2.6887417240859914,8.771837188644804,0.10390495350221383,41.90909090909091,11,0.8683978873239436,0.03160211267605639
pooled_same_robot,standardized_correlation,constant,ACI,recent_100,0.1,0.9,0.8706975889662093,0.02567549328131283,0.8329637841832964,3.4226918286843024,40.172140622708696,0.09257323459897679,28.727272727272727,11,0.8681778169014085,0.03182218309859153
pooled_same_robot,normalized_empirical_blend_0.50,constant,ACI,recent_300,0.1,0.9,0.8682173162192199,0.02072726572435635,0.8217054263565892,0.049818752116985957,0.12226750962387656,0.12231541417697868,44.09090909090909,11,0.8672095070422535,0.0327904929577465
pooled_same_robot,raw_openvins,loglinear_covariance_time,ACI,recent_100,0.1,0.9,0.8651658733136042,0.023532096506049045,0.8288987435328898,26.313935420631434,127.65328061224184,0.09527191138199244,26.818181818181817,11,0.8639084507042254,0.03609154929577463
pooled_same_robot,whitened_correlation,loglinear_covariance,ACI,calibration_only,0.1,0.9,0.8751033766427475,0.12461827457951338,0.5055432372505543,15.7229488703587,126.62492887240877,0.09923400426243942,14.727272727272727,11,0.8630281690140845,0.0369718309859155
pooled_same_robot,standardized_correlation,loglinear_covariance,AgACI-EWA,recent_100,0.1,0.9,0.8602556014228244,0.021804918424300348,0.8067257945306726,2.440734091539758,13.406102027708156,0.07635603171354309,26.363636363636363,11,0.8578785211267606,0.04212147887323947
pooled_same_robot,raw_openvins,constant,ACI,recent_300,0.1,0.9,0.8575547872091298,0.016696851385730547,0.8311804008908686,25.44007714824473,77.45814828005096,0.1417838413387938,43.09090909090909,11,0.8568221830985916,0.04317781690140843
pooled_same_robot,standardized_correlation,loglinear_covariance_time,AgACI-EWA,recent_100,0.1,0.9,0.8572188679769698,0.024641496798141403,0.7985957132298596,2.3044670073199054,12.364815170534223,0.08172605643378453,25.363636363636363,11,0.8542693661971831,0.045730633802816945
pooled_same_robot,raw_openvins,loglinear_covariance,AgACI-EWA,recent_100,0.1,0.9,0.8542539576922714,0.029025137697958066,0.7912047302291205,20.051342529795054,82.059785459598,0.08702926259835131,26.363636363636363,11,0.852112676056338,0.04788732394366202
pooled_same_robot,standardized_correlation,constant,AgACI-EWA,recent_100,0.1,0.9,0.8509554931857902,0.02984838115374154,0.7967479674796748,2.430684611743747,15.339563946055048,0.08269375815798434,26.09090909090909,11,0.8474031690140845,0.0525968309859155
pooled_same_robot,raw_openvins,loglinear_covariance_time,AgACI-EWA,recent_100,0.1,0.9,0.8455441855752046,0.03122544424021802,0.7912047302291205,20.348578993268642,82.4091365458576,0.09099083070361337,25.0,11,0.8444102112676056,0.055589788732394396
pooled_same_robot,raw_openvins,constant,AgACI-EWA,recent_300,0.1,0.9,0.8431301498584641,0.019081508914010004,0.8178119349005425,16.328970562406905,55.83329909151581,0.11529160840994936,31.272727272727273,11,0.8419014084507043,0.05809859154929575
pooled_same_robot,whitened_correlation,constant,ACI,calibration_only,0.1,0.9,0.8533324394078513,0.12446789239237555,0.5092387287509239,16.135899765135125,353.7702159173194,0.126432004819173,25.181818181818183,11,0.8387764084507042,0.0612235915492958
pooled_same_robot,normalized_empirical_blend_0.50,loglinear_covariance,ACI,recent_100,0.1,0.9,0.8365105325014919,0.03130589523448726,0.7674418604651163,0.0438417394978993,0.11792245670148734,0.1303723950927926,39.54545454545455,11,0.8358274647887324,0.06417253521126765
pooled_same_robot,normalized_empirical_blend_0.50,loglinear_covariance_time,ACI,recent_100,0.1,0.9,0.8349359213421976,0.03174316212980104,0.7663344407530454,0.04394538297277547,0.11737501061052553,0.13049481663993073,39.27272727272727,11,0.8341549295774648,0.06584507042253518
pooled_same_robot,raw_openvins,constant,ACI,recent_100,0.1,0.9,0.8293454906565852,0.022963046665078403,0.7986636971046771,21.45811580262446,71.6836937956196,0.14302105079357963,42.72727272727273,11,0.8277728873239436,0.07222711267605642
pooled_same_robot,normalized_empirical_blend_0.50,constant,ACI,recent_100,0.1,0.9,0.8279245489706889,0.03606764721819749,0.7452934662236987,0.04299649413490087,0.11002848239487878,0.13477161253852257,42.90909090909091,11,0.8263204225352113,0.0736795774647887
pooled_same_robot,normalized_empirical_blend_0.50,loglinear_covariance,AgACI-EWA,recent_100,0.1,0.9,0.8172468137509774,0.02844582673690583,0.7524916943521595,0.0365849178237569,0.10098425830794194,0.12749489096540148,34.90909090909091,11,0.816637323943662,0.08336267605633807
pooled_same_robot,normalized_empirical_blend_0.50,loglinear_covariance_time,AgACI-EWA,recent_100,0.1,0.9,0.8162659144615337,0.02910790104112454,0.7502768549280178,0.036676459244857955,0.10037893600642005,0.12774310781322942,34.72727272727273,11,0.815625,0.08437499999999998
pooled_same_robot,normalized_empirical_blend_0.50,constant,AgACI-EWA,recent_100,0.1,0.9,0.8111743657574746,0.03675718971053093,0.7259136212624585,0.03601441379913063,0.09971269202910207,0.13367940353445726,41.54545454545455,11,0.8099031690140845,0.09009683098591548
pooled_same_robot,raw_openvins,constant,AgACI-EWA,recent_100,0.1,0.9,0.8079197451057002,0.023850955979118182,0.7857142857142857,17.041024700725036,62.46551570698778,0.14086186175207066,38.45454545454545,11,0.8060299295774648,0.09397007042253525
